CREATE DATABASE sistreserva;

use sistreserva;

CREATE TABLE hospede(
nid int PRIMARY Key NOT NULL AUTO_INCREMENT,
nome varchar(30) NOT NULL,
data_nascimento date NOT NULL,
nacionalidade varchar(25) NOT NULL,
cidade varchar(40) NOT NULL,
email varchar(80) NOT NULL,
n_cont int NOT NULL,
password varchar(32) NOT NULL
);


CREATE TABLE servicos(
id_ser int PRIMARY Key NOT NULL AUTO_INCREMENT,
ser_t varchar(120) NOT NULL,
nid int NOT NULL,
FOREIGN kEY (nid) REFERENCES hospede(nid) ON DELETE CASCADE);

CREATE TABLE imovel(
idc int PRIMARY Key NOT NULL AUTO_INCREMENT,
tipo varchar(10) NOT NULL,
tipologia varchar(10) NOT NULL,
preco real NOT NULL,
descricao char(200) NOT NULL,
cidade_im varchar(80) NOT NULL,
image varchar(255) NOT NULL);

CREATE TABLE reserva(
idf int PRIMARY Key NOT NULL AUTO_INCREMENT,
data_entrada date NOT NULL,
data_saida date NOT NULL,
npessoas int NOT NULL, 
nid int NOT NULL,
idc int NOT NULL,
FOREIGN kEY (nid) REFERENCES hospede(nid) ON DELETE CASCADE,
FOREIGN kEY (idc) REFERENCES imovel(idc) ON DELETE CASCADE);

CREATE TABLE informacoes(
id_info int PRIMARY Key NOT NULL AUTO_INCREMENT,
msg_info varchar(120) NOT NULL,
nid int NOT NULL,
FOREIGN kEY (nid) REFERENCES hospede(nid) ON DELETE CASCADE);

insert into hospede (nid, nome, data_nascimento, nacionalidade, cidade, email, n_cont, password) values (1, 'Averell Traill', '4/12/2018', 'Portugal', 'São Torcato', 'atraill0@google.com.br', '00-007-1324', 'O4SWhMg');
insert into hospede (nid, nome, data_nascimento, nacionalidade, cidade, email, n_cont, password) values (2, 'Genevra Kelshaw', '9/28/2018', 'Portugal', 'Portela', 'gkelshaw1@dailymail.co.uk', '63-665-1533', 'drRnO0pQpHht');
insert into hospede (nid, nome, data_nascimento, nacionalidade, cidade, email, n_cont, password) values (3, 'Angelica Weaver', '5/31/2018', 'Portugal', 'São João das Lampas', 'aweaver2@twitter.com', '63-701-3384', 'BBuL7Ndus57');
insert into hospede (nid, nome, data_nascimento, nacionalidade, cidade, email, n_cont, password) values (4, 'Vivi Paladini', '9/29/2018', 'Belarus', 'Druya', 'vpaladini3@webeden.co.uk', '91-225-4113', 'pytjTKJErH');
insert into hospede (nid, nome, data_nascimento, nacionalidade, cidade, email, n_cont, password) values (5, 'Xymenes Loyd', '11/21/2018', 'Colombia', 'Bogotá', 'xloyd4@reuters.com', '13-718-8069', 'k5HNljs');
insert into hospede (nid, nome, data_nascimento, nacionalidade, cidade, email, n_cont, password) values (6, 'Georgine Keelan', '3/12/2018', 'Poland', 'Luzino', 'gkeelan5@163.com', '36-077-1383', 'zYl1ISM4gH1');
insert into hospede (nid, nome, data_nascimento, nacionalidade, cidade, email, n_cont, password) values (7, 'Pamella Soda', '12/11/2018', 'Philippines', 'Mataya', 'psoda6@instagram.com', '48-815-7280', 'xdy2GQPV');
insert into hospede (nid, nome, data_nascimento, nacionalidade, cidade, email, n_cont, password) values (8, 'Charmion Coupar', '12/30/2017', 'Laos', 'Viengxay', 'ccoupar7@foxnews.com', '53-001-7746', 'gPdrOk0oubo');
insert into hospede (nid, nome, data_nascimento, nacionalidade, cidade, email, n_cont, password) values (9, 'Kathrine Postan', '1/12/2018', 'Indonesia', 'Cibeureum', 'kpostan8@sciencedaily.com', '07-711-1402', 'KAf4sZBH');
insert into hospede (nid, nome, data_nascimento, nacionalidade, cidade, email, n_cont, password) values (10, 'Sib Yalden', '9/19/2018', 'Iran', 'Borūjerd', 'syalden9@discuz.net', '62-964-6041', 'wN85sLtRivST');
insert into hospede (nid, nome, data_nascimento, nacionalidade, cidade, email, n_cont, password) values (11, 'Kare Laker', '7/24/2018', 'China', 'Wudan', 'klakera@google.pl', '67-507-1640', 'isTlIS4QV');
insert into hospede (nid, nome, data_nascimento, nacionalidade, cidade, email, n_cont, password) values (12, 'Justin Bothwell', '4/8/2018', 'Philippines', 'San Simon', 'jbothwellb@creativecommons.org', '14-221-0734', 'BIA8tlfV');
insert into hospede (nid, nome, data_nascimento, nacionalidade, cidade, email, n_cont, password) values (13, 'Rebe Nairn', '5/16/2018', 'Belarus', 'Buynichy', 'rnairnc@scribd.com', '85-951-9274', 'KRW0jRyiJV');
insert into hospede (nid, nome, data_nascimento, nacionalidade, cidade, email, n_cont, password) values (14, 'Fanny Abreheart', '11/12/2018', 'Russia', 'Klyuchevskiy', 'fabreheartd@i2i.jp', '33-909-6878', 'ofFMeQ3o2yKX');
insert into hospede (nid, nome, data_nascimento, nacionalidade, cidade, email, n_cont, password) values (15, 'Denys Burless', '3/1/2018', 'Brazil', 'Americana', 'dburlesse@mayoclinic.com', '14-791-9616', 'EnuJHmKA63');
insert into hospede (nid, nome, data_nascimento, nacionalidade, cidade, email, n_cont, password) values (16, 'Kendricks Dillet', '4/7/2018', 'China', 'Derbur', 'kdilletf@webnode.com', '31-997-8330', 'qhtNjhFFF');
insert into hospede (nid, nome, data_nascimento, nacionalidade, cidade, email, n_cont, password) values (17, 'Gibbie Yukhnin', '11/27/2018', 'China', 'Zhoujiang', 'gyukhning@buzzfeed.com', '30-142-2286', '1zFJVFca');
insert into hospede (nid, nome, data_nascimento, nacionalidade, cidade, email, n_cont, password) values (18, 'Preston Crutcher', '6/25/2018', 'Philippines', 'Parabcan', 'pcrutcherh@istockphoto.com', '87-930-2418', 'z9LSg69V5i');
insert into hospede (nid, nome, data_nascimento, nacionalidade, cidade, email, n_cont, password) values (19, 'Rozalin Corradeschi', '4/14/2018', 'Japan', 'Abashiri', 'rcorradeschii@shinystat.com', '25-700-7172', 'AiTtWtP');
insert into hospede (nid, nome, data_nascimento, nacionalidade, cidade, email, n_cont, password) values (20, 'Wright Sharnock', '5/27/2018', 'Thailand', 'Fak Tha', 'wsharnockj@sciencedirect.com', '45-061-0726', 'qOsq95Jjt4');
insert into hospede (nid, nome, data_nascimento, nacionalidade, cidade, email, n_cont, password) values (21, 'Blane Hardcastle', '9/9/2018', 'Indonesia', 'Wangkung', 'bhardcastlek@stanford.edu', '96-791-1537', 'xyUPQXp49R');
insert into hospede (nid, nome, data_nascimento, nacionalidade, cidade, email, n_cont, password) values (22, 'Angelia Dupree', '10/12/2018', 'Belarus', 'Horad Rechytsa', 'adupreel@mapy.cz', '19-006-8212', 'b8NbSq6U');
insert into hospede (nid, nome, data_nascimento, nacionalidade, cidade, email, n_cont, password) values (23, 'Catlin Argyle', '2/23/2018', 'France', 'Paris 08', 'cargylem@about.me', '31-647-9622', '0insyJ');
insert into hospede (nid, nome, data_nascimento, nacionalidade, cidade, email, n_cont, password) values (24, 'Hakim Butner', '1/22/2018', 'Brazil', 'Itatinga', 'hbutnern@eventbrite.com', '10-504-3992', 'kt3vLB0sbc');
insert into hospede (nid, nome, data_nascimento, nacionalidade, cidade, email, n_cont, password) values (25, 'Laurella Carreyette', '1/5/2018', 'Russia', 'Talashkino', 'lcarreyetteo@abc.net.au', '30-169-1538', 'OviiPhT2n');
insert into hospede (nid, nome, data_nascimento, nacionalidade, cidade, email, n_cont, password) values (26, 'Mahalia Luce', '8/12/2018', 'Kuwait', 'Ar Rābiyah', 'mlucep@springer.com', '67-019-0211', 'AKPriU');
insert into hospede (nid, nome, data_nascimento, nacionalidade, cidade, email, n_cont, password) values (27, 'Raffaello Muscat', '12/28/2017', 'Philippines', 'Jovellar', 'rmuscatq@eepurl.com', '78-283-0142', 'wfAhkLuSSl1B');
insert into hospede (nid, nome, data_nascimento, nacionalidade, cidade, email, n_cont, password) values (28, 'Randi Leynton', '11/9/2018', 'Indonesia', 'Cimrutu', 'rleyntonr@princeton.edu', '77-750-6021', 'vVvreXj');
insert into hospede (nid, nome, data_nascimento, nacionalidade, cidade, email, n_cont, password) values (29, 'Lonnard Shemming', '9/26/2018', 'Greece', 'Plátanos', 'lshemmings@jalbum.net', '83-854-8609', 'qWnhZCV');
insert into hospede (nid, nome, data_nascimento, nacionalidade, cidade, email, n_cont, password) values (30, 'Jackson Dumbar', '11/1/2018', 'Brazil', 'Fonte Boa', 'jdumbart@webmd.com', '27-083-8640', 'YnSwlqlxFGo');
insert into hospede (nid, nome, data_nascimento, nacionalidade, cidade, email, n_cont, password) values (31, 'Justus Redgate', '4/6/2018', 'Japan', 'Kakegawa', 'jredgateu@imdb.com', '14-173-7672', '0VmkYcnBLtI');
insert into hospede (nid, nome, data_nascimento, nacionalidade, cidade, email, n_cont, password) values (32, 'Kristoffer Lidstone', '11/17/2018', 'Russia', 'Tuymazy', 'klidstonev@examiner.com', '58-166-8168', 'nE1SOe4BlFsf');
insert into hospede (nid, nome, data_nascimento, nacionalidade, cidade, email, n_cont, password) values (33, 'Cori Cleere', '7/5/2018', 'Indonesia', 'Ombarade', 'ccleerew@macromedia.com', '61-445-6139', 'RmYGPRiMDQ');
insert into hospede (nid, nome, data_nascimento, nacionalidade, cidade, email, n_cont, password) values (34, 'Aloin Jewers', '6/23/2018', 'Brazil', 'Biguaçu', 'ajewersx@parallels.com', '27-715-4707', 'PVikKgE');
insert into hospede (nid, nome, data_nascimento, nacionalidade, cidade, email, n_cont, password) values (35, 'Ulrica Larderot', '7/9/2018', 'Sweden', 'Eskilstuna', 'ularderoty@go.com', '82-486-7652', 'dXqs081tuzvM');
insert into hospede (nid, nome, data_nascimento, nacionalidade, cidade, email, n_cont, password) values (36, 'Andrej Twomey', '10/15/2018', 'Indonesia', 'Bangker', 'atwomeyz@virginia.edu', '59-675-0384', 'gEARmgn');
insert into hospede (nid, nome, data_nascimento, nacionalidade, cidade, email, n_cont, password) values (37, 'Hedwig Doidge', '12/1/2018', 'China', 'Wushi', 'hdoidge10@omniture.com', '97-646-4450', 'dKYNiv');
insert into hospede (nid, nome, data_nascimento, nacionalidade, cidade, email, n_cont, password) values (38, 'Brad Wigginton', '10/11/2018', 'Sweden', 'Askersund', 'bwigginton11@ucoz.com', '45-620-6344', 'y80ofz6WY6K');
insert into hospede (nid, nome, data_nascimento, nacionalidade, cidade, email, n_cont, password) values (39, 'Muriel Yoselevitch', '9/22/2018', 'Indonesia', 'Rancanyenang', 'myoselevitch12@diigo.com', '70-368-7494', 'EW7SWE2OYQZ');
insert into hospede (nid, nome, data_nascimento, nacionalidade, cidade, email, n_cont, password) values (40, 'Linda Davitt', '6/25/2018', 'Russia', 'Krasnyy Oktyabr’', 'ldavitt13@techcrunch.com', '08-719-4632', 'BES7R9E');
insert into hospede (nid, nome, data_nascimento, nacionalidade, cidade, email, n_cont, password) values (41, 'Ravid Eouzan', '4/26/2018', 'Dominican Republic', 'Moca', 'reouzan14@earthlink.net', '73-595-6410', 'AIcnrSHo4X');
insert into hospede (nid, nome, data_nascimento, nacionalidade, cidade, email, n_cont, password) values (42, 'Richie Vasentsov', '5/16/2018', 'Portugal', 'Porto Formoso', 'rvasentsov15@boston.com', '60-537-9319', 'VO0PvVGh0lE');
insert into hospede (nid, nome, data_nascimento, nacionalidade, cidade, email, n_cont, password) values (43, 'Adlai Noblet', '10/9/2018', 'China', 'Koramlik', 'anoblet16@nba.com', '21-427-7005', 'YHtYXx');
insert into hospede (nid, nome, data_nascimento, nacionalidade, cidade, email, n_cont, password) values (44, 'Cristian Levinge', '6/3/2018', 'Russia', 'Serov', 'clevinge17@webmd.com', '88-947-9943', '3cy62Vu1qw');
insert into hospede (nid, nome, data_nascimento, nacionalidade, cidade, email, n_cont, password) values (45, 'Zacherie Yashnov', '12/20/2017', 'Netherlands', 'Zeist', 'zyashnov18@dagondesign.com', '87-191-5083', 'eIkwae');
insert into hospede (nid, nome, data_nascimento, nacionalidade, cidade, email, n_cont, password) values (46, 'Laird Siddle', '10/29/2018', 'Philippines', 'Claver', 'lsiddle19@networkadvertising.org', '48-302-7828', '3hJykR');
insert into hospede (nid, nome, data_nascimento, nacionalidade, cidade, email, n_cont, password) values (47, 'Quintus Corroyer', '7/16/2018', 'Indonesia', 'Labangka Satu', 'qcorroyer1a@usgs.gov', '87-774-2972', 'hmKLV8N');
insert into hospede (nid, nome, data_nascimento, nacionalidade, cidade, email, n_cont, password) values (48, 'Everard Fazackerley', '8/15/2018', 'China', 'Gangmian', 'efazackerley1b@fotki.com', '59-754-3053', 'UX3QUUc6y');
insert into hospede (nid, nome, data_nascimento, nacionalidade, cidade, email, n_cont, password) values (49, 'Baillie Thormwell', '1/19/2018', 'Indonesia', 'Pabean', 'bthormwell1c@cafepress.com', '44-233-3003', 'i4jdpxlfoio');
insert into hospede (nid, nome, data_nascimento, nacionalidade, cidade, email, n_cont, password) values (50, 'Ariadne Leate', '6/27/2018', 'Thailand', 'Kaeng Khoi', 'aleate1d@gravatar.com', '39-545-6099', 'O98fxv3SS');
insert into hospede (nid, nome, data_nascimento, nacionalidade, cidade, email, n_cont, password) values (51, 'Etty Tomblings', '10/16/2018', 'China', 'Haitou', 'etomblings1e@geocities.jp', '78-512-7613', '1EIQqc6y4PIx');
insert into hospede (nid, nome, data_nascimento, nacionalidade, cidade, email, n_cont, password) values (52, 'Jacquie Cankett', '8/12/2018', 'South Africa', 'Worcester', 'jcankett1f@example.com', '08-664-9906', 'oicOmHv');
insert into hospede (nid, nome, data_nascimento, nacionalidade, cidade, email, n_cont, password) values (53, 'Denna Oswal', '10/17/2018', 'China', 'Fengzhou', 'doswal1g@51.la', '41-829-5980', 'KuvMGbyrz');
insert into hospede (nid, nome, data_nascimento, nacionalidade, cidade, email, n_cont, password) values (54, 'Delmer McIlvenna', '4/27/2018', 'China', 'Juanshui', 'dmcilvenna1h@vkontakte.ru', '19-264-0086', 'HGVWDa');
insert into hospede (nid, nome, data_nascimento, nacionalidade, cidade, email, n_cont, password) values (55, 'Austen Swansborough', '7/7/2018', 'China', 'Mingjiu', 'aswansborough1i@comsenz.com', '20-490-2984', '5hcDV9BLT');
insert into hospede (nid, nome, data_nascimento, nacionalidade, cidade, email, n_cont, password) values (56, 'Westley Brute', '5/1/2018', 'China', 'Beitan', 'wbrute1j@people.com.cn', '83-743-9349', 'B409gU5goOOW');
insert into hospede (nid, nome, data_nascimento, nacionalidade, cidade, email, n_cont, password) values (57, 'Cordelia Saxelby', '8/7/2018', 'China', 'Sanshilipu', 'csaxelby1k@hatena.ne.jp', '42-247-2706', 'CeS3RAmA5iB');
insert into hospede (nid, nome, data_nascimento, nacionalidade, cidade, email, n_cont, password) values (58, 'Birdie Dignam', '8/27/2018', 'Brazil', 'São José', 'bdignam1l@moonfruit.com', '94-310-1775', 'l7aqecKxed2');
insert into hospede (nid, nome, data_nascimento, nacionalidade, cidade, email, n_cont, password) values (59, 'Wolf Mucklestone', '2/6/2018', 'El Salvador', 'San Pedro Masahuat', 'wmucklestone1m@chron.com', '73-508-4411', 'Wgu4oA6iF');
insert into hospede (nid, nome, data_nascimento, nacionalidade, cidade, email, n_cont, password) values (60, 'Yolanda Kerner', '1/14/2018', 'China', 'Jianfeng', 'ykerner1n@gizmodo.com', '10-386-2782', 'FgLZnKoh');
insert into hospede (nid, nome, data_nascimento, nacionalidade, cidade, email, n_cont, password) values (61, 'Wilfred Handover', '6/9/2018', 'Bulgaria', 'Omurtag', 'whandover1o@hc360.com', '90-567-1220', 'YccZhHr7');
insert into hospede (nid, nome, data_nascimento, nacionalidade, cidade, email, n_cont, password) values (62, 'Harmon Etches', '8/9/2018', 'Japan', 'Fujioka', 'hetches1p@fotki.com', '47-239-4623', 'qon7FAwQB3');
insert into hospede (nid, nome, data_nascimento, nacionalidade, cidade, email, n_cont, password) values (63, 'Russell Azam', '10/28/2018', 'Iran', 'Nūr', 'razam1q@dropbox.com', '62-045-9423', 'GxuvjbYG');
insert into hospede (nid, nome, data_nascimento, nacionalidade, cidade, email, n_cont, password) values (64, 'Mirilla Corey', '1/28/2018', 'Gambia', 'Gunjur', 'mcorey1r@pinterest.com', '24-026-5638', 'rIGXCHx');
insert into hospede (nid, nome, data_nascimento, nacionalidade, cidade, email, n_cont, password) values (65, 'Dotty Ramiro', '10/22/2018', 'China', 'Zhendeqiao', 'dramiro1s@facebook.com', '25-488-6179', 'St5GYU');
insert into hospede (nid, nome, data_nascimento, nacionalidade, cidade, email, n_cont, password) values (66, 'Anastasie Redholls', '4/15/2018', 'China', 'Yangkang', 'aredholls1t@nytimes.com', '09-033-9201', 'EiucEr');
insert into hospede (nid, nome, data_nascimento, nacionalidade, cidade, email, n_cont, password) values (67, 'Hastie Ygoe', '5/30/2018', 'China', 'Xiangshi', 'hygoe1u@etsy.com', '09-902-5072', '8chF0C');
insert into hospede (nid, nome, data_nascimento, nacionalidade, cidade, email, n_cont, password) values (68, 'Skyler Iorizzo', '7/13/2018', 'China', 'Ganjiangtou', 'siorizzo1v@devhub.com', '77-749-1687', 'YqYZS7fNs56d');
insert into hospede (nid, nome, data_nascimento, nacionalidade, cidade, email, n_cont, password) values (69, 'Shelley Sainsberry', '10/13/2018', 'Canada', 'Carman', 'ssainsberry1w@ehow.com', '99-638-6761', 'AMj8gHu');
insert into hospede (nid, nome, data_nascimento, nacionalidade, cidade, email, n_cont, password) values (70, 'Aylmer Riccelli', '8/8/2018', 'Sweden', 'Boliden', 'ariccelli1x@ibm.com', '51-370-3201', 'aku7fih');
insert into hospede (nid, nome, data_nascimento, nacionalidade, cidade, email, n_cont, password) values (71, 'Tucky Collison', '4/5/2018', 'Japan', 'Seto', 'tcollison1y@tinyurl.com', '07-239-3513', 'ZNpyuWQ3dwZO');
insert into hospede (nid, nome, data_nascimento, nacionalidade, cidade, email, n_cont, password) values (72, 'Donall Sturney', '2/3/2018', 'China', 'Baishigou', 'dsturney1z@moonfruit.com', '81-955-0762', '77YZHg7E');
insert into hospede (nid, nome, data_nascimento, nacionalidade, cidade, email, n_cont, password) values (73, 'Skell Goodredge', '3/22/2018', 'Brazil', 'Campina Grande', 'sgoodredge20@pen.io', '30-809-1690', '8LBHzgFz2NY');
insert into hospede (nid, nome, data_nascimento, nacionalidade, cidade, email, n_cont, password) values (74, 'Kimble Keener', '9/21/2018', 'Cuba', 'Jagüey Grande', 'kkeener21@stumbleupon.com', '13-262-8763', '6WUn2sWg');
insert into hospede (nid, nome, data_nascimento, nacionalidade, cidade, email, n_cont, password) values (75, 'Drucy Deshon', '3/27/2018', 'China', 'Apengjiang', 'ddeshon22@addtoany.com', '03-202-8519', '58rD0sAhe');
insert into hospede (nid, nome, data_nascimento, nacionalidade, cidade, email, n_cont, password) values (76, 'Jermain Hatterslay', '10/10/2018', 'China', 'Lukou', 'jhatterslay23@csmonitor.com', '79-944-9457', 'xZtdiQgoLhrn');
insert into hospede (nid, nome, data_nascimento, nacionalidade, cidade, email, n_cont, password) values (77, 'Richmound Sinfield', '7/18/2018', 'China', 'Heshui', 'rsinfield24@people.com.cn', '05-470-3134', 'UmnRMToaIh');
insert into hospede (nid, nome, data_nascimento, nacionalidade, cidade, email, n_cont, password) values (78, 'Bear Corkhill', '8/20/2018', 'Honduras', 'La Lima', 'bcorkhill25@theglobeandmail.com', '59-948-7885', 'NQ4aVy7saOll');
insert into hospede (nid, nome, data_nascimento, nacionalidade, cidade, email, n_cont, password) values (79, 'Jeri Ivakhnov', '9/28/2018', 'Brazil', 'Parintins', 'jivakhnov26@statcounter.com', '87-287-0294', 'sZfoDxEsm6');
insert into hospede (nid, nome, data_nascimento, nacionalidade, cidade, email, n_cont, password) values (80, 'Ailee Breslau', '11/1/2018', 'Philippines', 'Kiamba', 'abreslau27@timesonline.co.uk', '51-456-0763', 'sGeHOx8');
insert into hospede (nid, nome, data_nascimento, nacionalidade, cidade, email, n_cont, password) values (81, 'Mirabelle Weaben', '4/23/2018', 'Poland', 'Koronowo', 'mweaben28@cargocollective.com', '34-848-2364', '3IXn6lv');
insert into hospede (nid, nome, data_nascimento, nacionalidade, cidade, email, n_cont, password) values (82, 'Britt Goodright', '4/11/2018', 'Greece', 'Stírion', 'bgoodright29@tripod.com', '68-297-0661', 'lU3Ne9X');
insert into hospede (nid, nome, data_nascimento, nacionalidade, cidade, email, n_cont, password) values (83, 'Maximilien Abry', '3/6/2018', 'South Sudan', 'Yambio', 'mabry2a@gov.uk', '66-376-9175', 'z8K9r10RT');
insert into hospede (nid, nome, data_nascimento, nacionalidade, cidade, email, n_cont, password) values (84, 'Nye Nason', '12/17/2018', 'Czech Republic', 'Zákupy', 'nnason2b@1688.com', '87-302-3984', 'ok7tPgSuLGT8');
insert into hospede (nid, nome, data_nascimento, nacionalidade, cidade, email, n_cont, password) values (85, 'Conny Lomond', '4/7/2018', 'Yemen', 'Ḩabīl ar Raydah', 'clomond2c@upenn.edu', '69-800-7312', 'J5wufX');
insert into hospede (nid, nome, data_nascimento, nacionalidade, cidade, email, n_cont, password) values (86, 'Riobard Martlew', '12/25/2017', 'Panama', 'Bella Vista', 'rmartlew2d@ca.gov', '24-368-7117', 'KpbqScYcIhb');
insert into hospede (nid, nome, data_nascimento, nacionalidade, cidade, email, n_cont, password) values (87, 'Yasmeen Kropach', '11/5/2018', 'Argentina', 'Añelo', 'ykropach2e@ycombinator.com', '43-516-4631', 'Ys9IGU');
insert into hospede (nid, nome, data_nascimento, nacionalidade, cidade, email, n_cont, password) values (88, 'Querida Neillans', '12/16/2018', 'Indonesia', 'Sudo', 'qneillans2f@ebay.com', '19-093-2251', '5sea9h145');
insert into hospede (nid, nome, data_nascimento, nacionalidade, cidade, email, n_cont, password) values (89, 'Linus McNeachtain', '3/24/2018', 'China', 'Paisha', 'lmcneachtain2g@cdc.gov', '96-782-1049', 'nufiNsjr3X');
insert into hospede (nid, nome, data_nascimento, nacionalidade, cidade, email, n_cont, password) values (90, 'Weidar Trickey', '8/10/2018', 'China', 'Wenfang', 'wtrickey2h@economist.com', '15-907-4304', 'IhyrGA');
insert into hospede (nid, nome, data_nascimento, nacionalidade, cidade, email, n_cont, password) values (91, 'Hayyim Grimwood', '12/6/2018', 'United States', 'Hamilton', 'hgrimwood2i@indiatimes.com', '77-786-3564', 'GRSen5s1G');
insert into hospede (nid, nome, data_nascimento, nacionalidade, cidade, email, n_cont, password) values (92, 'Vivianne Haffard', '6/1/2018', 'Russia', 'Chunoyar', 'vhaffard2j@youtu.be', '70-734-9847', '7UYUwxKHidM');
insert into hospede (nid, nome, data_nascimento, nacionalidade, cidade, email, n_cont, password) values (93, 'Dorey Chinnick', '10/8/2018', 'Cuba', 'Florida', 'dchinnick2k@marketwatch.com', '87-988-1619', 'qH0OSbUQH');
insert into hospede (nid, nome, data_nascimento, nacionalidade, cidade, email, n_cont, password) values (94, 'Carlen Prosser', '1/30/2018', 'Honduras', 'El Rancho', 'cprosser2l@disqus.com', '02-978-3125', 'J0RKlsWkiG');
insert into hospede (nid, nome, data_nascimento, nacionalidade, cidade, email, n_cont, password) values (95, 'Joli Wisby', '8/12/2018', 'China', 'Chengnan', 'jwisby2m@devhub.com', '16-596-1753', 'onlxOmYQn');
insert into hospede (nid, nome, data_nascimento, nacionalidade, cidade, email, n_cont, password) values (96, 'Meade Dmytryk', '4/26/2018', 'China', 'Xujia', 'mdmytryk2n@altervista.org', '74-045-5761', 'X5K1GPY');
insert into hospede (nid, nome, data_nascimento, nacionalidade, cidade, email, n_cont, password) values (97, 'Saunderson Boddie', '6/26/2018', 'Russia', 'Kiyevskoye', 'sboddie2o@reverbnation.com', '68-913-7477', 'Xyb61M');
insert into hospede (nid, nome, data_nascimento, nacionalidade, cidade, email, n_cont, password) values (98, 'Brear Derx', '9/21/2018', 'Bosnia and Herzegovina', 'Kakanj', 'bderx2p@omniture.com', '00-735-0213', 'hbvlgBXnw');
insert into hospede (nid, nome, data_nascimento, nacionalidade, cidade, email, n_cont, password) values (99, 'Tammi Sunman', '9/22/2018', 'Indonesia', 'Suru', 'tsunman2q@mysql.com', '68-439-6178', 'OTQO7IS5J');
insert into hospede (nid, nome, data_nascimento, nacionalidade, cidade, email, n_cont, password) values (100, 'Aleta Hathaway', '10/9/2018', 'Portugal', 'Pisão', 'ahathaway2r@com.com', '62-109-9627', 'rwTDofeClxw');


insert into imovel (idc, tipo, tipologia, preco, descricao, cidade_im, image) values (1, 'Apartamento', 'T0', '200.86', 'hhusdahudhauhsd', 'Smilavichy', 'http://dummyimage.com/179x108.jpg/cc0000/ffffff');
insert into imovel (idc, tipo, tipologia, preco, descricao, cidade_im, image) values (2, 'Apartamento', 'T1', '600.00', 'adhasdhasudhausdha', 'Shōbara', 'http://dummyimage.com/179x108.jpg/cc0000/ffffff');
insert into imovel (idc, tipo, tipologia, preco, descricao, cidade_im, image) values (3, 'Apartamento', 'T2', '500.86', 'adsasdasdasdasda', 'San Martín', 'http://dummyimage.com/179x108.jpg/cc0000/ffffff');
insert into imovel (idc, tipo, tipologia, preco, descricao, cidade_im, image) values (4, 'Apartamento', 'T3', '300.05', 'dasasdasdasdad', 'Des Moines', 'http://dummyimage.com/179x108.jpg/cc0000/ffffff');
insert into imovel (idc, tipo, tipologia, preco, descricao, cidade_im, image) values (5, 'Apartamento', 'T0', '100.53', 'adsdasdssadasdsa', 'Vrbas', 'http://dummyimage.com/179x108.jpg/cc0000/ffffff');
insert into imovel (idc, tipo, tipologia, preco, descricao, cidade_im, image) values (6, 'Apartamento', 'T1', '300.33', 'dsadsasdasdasaddsa', 'Badaogu', 'http://dummyimage.com/179x108.jpg/cc0000/ffffff');
insert into imovel (idc, tipo, tipologia, preco, descricao, cidade_im, image) values (7, 'Apartamento', 'T2', '800.10', 'dasdssadsdadsaassadsad', 'White City', 'http://dummyimage.com/179x108.jpg/cc0000/ffffff');
insert into imovel (idc, tipo, tipologia, preco, descricao, cidade_im, image) values (8, 'Moradia', 'T2', '300.47', 'sdadsadsadsasadasdsaasdsd', 'Kihancha', 'http://dummyimage.com/179x108.jpg/cc0000/ffffff');
insert into imovel (idc, tipo, tipologia, preco, descricao, cidade_im, image) values (9, 'Moradia', 'T1', '200.04', 'sdadasdsadsasdsadsadasdsadsadsad', 'Dunaivtsi', 'http://dummyimage.com/179x108.jpg/cc0000/ffffff');
insert into imovel (idc, tipo, tipologia, preco, descricao, cidade_im, image) values (10, 'Moradia', 'T0', '900.50', 'dsadasdassdasdaaaaaaaaasadddddddd', 'Sopo', 'http://dummyimage.com/179x108.jpg/cc0000/ffffff');
insert into imovel (idc, tipo, tipologia, preco, descricao, cidade_im, image) values (11, 'Moradia', 'T1', '600.96', 'asddsaaaaaaaaaaaasdaaaaaaaaaaaa', 'Baishigou', 'http://dummyimage.com/179x108.jpg/cc0000/ffffff');
insert into imovel (idc, tipo, tipologia, preco, descricao, cidade_im, image) values (12, 'Moradia', 'T2', '900.58', 'asddddddddddddddddddddddddddsdadsadsa', 'Kainan', 'http://dummyimage.com/179x108.jpg/cc0000/ffffff');
insert into imovel (idc, tipo, tipologia, preco, descricao, cidade_im, image) values (13, 'Moradia', 'T3', '900.13', 'saddsaaaaaaaaaaaaaaaaaaaaaaaaaaaaa', 'Planken', 'http://dummyimage.com/179x108.jpg/cc0000/ffffff');
insert into imovel (idc, tipo, tipologia, preco, descricao, cidade_im, image) values (14, 'Moradia', 'T1', '200.88', 'sadddddddddddddddddddddddddddddd', 'Guojia', 'http://dummyimage.com/179x108.jpg/cc0000/ffffff');
insert into imovel (idc, tipo, tipologia, preco, descricao, cidade_im, image) values (15, 'Moradia', 'T2', '400.32', 'dsadssssssssssssssssssssssssssssdsaasd', 'Shuiyang', 'http://dummyimage.com/179x108.jpg/cc0000/ffffff');

insert into reserva (idf, data_entrada, data_saida, npessoas, nid, idc) values (1, '1/25/2018', '3/20/2018', 1, 1, 1);
insert into reserva (idf, data_entrada, data_saida, npessoas, nid, idc) values (2, '10/25/2018', '5/10/2018', 2, 2, 2);
insert into reserva (idf, data_entrada, data_saida, npessoas, nid, idc) values (3, '11/5/2018', '4/10/2018', 3, 3, 3);
insert into reserva (idf, data_entrada, data_saida, npessoas, nid, idc) values (4, '7/9/2018', '3/21/2018', 4, 4, 4);
insert into reserva (idf, data_entrada, data_saida, npessoas, nid, idc) values (5, '7/19/2018', '4/28/2018', 5, 5, 5);
insert into reserva (idf, data_entrada, data_saida, npessoas, nid, idc) values (6, '12/18/2017', '5/19/2018', 6, 6, 6);
insert into reserva (idf, data_entrada, data_saida, npessoas, nid, idc) values (7, '12/9/2018', '6/24/2018', 7, 7, 7);
insert into reserva (idf, data_entrada, data_saida, npessoas, nid, idc) values (8, '6/16/2018', '10/10/2018', 8, 8, 8);
insert into reserva (idf, data_entrada, data_saida, npessoas, nid, idc) values (9, '7/26/2018', '3/21/2018', 9, 9, 9);
insert into reserva (idf, data_entrada, data_saida, npessoas, nid, idc) values (10, '1/2/2018', '4/24/2018', 10, 10, 10);
insert into reserva (idf, data_entrada, data_saida, npessoas, nid, idc) values (11, '11/20/2018', '12/25/2017', 11, 11, 11);
insert into reserva (idf, data_entrada, data_saida, npessoas, nid, idc) values (12, '11/23/2018', '10/8/2018', 12, 12, 12);
insert into reserva (idf, data_entrada, data_saida, npessoas, nid, idc) values (13, '6/10/2018', '2/10/2018', 13, 13, 13);
insert into reserva (idf, data_entrada, data_saida, npessoas, nid, idc) values (14, '5/24/2018', '8/6/2018', 14, 14, 14);
insert into reserva (idf, data_entrada, data_saida, npessoas, nid, idc) values (15, '5/22/2018', '5/26/2018', 15, 15, 15);

insert into servicos (id_ser, ser_t, nid) values (1, 'Vestibulum ac est lacinia nisi venenatis tristique. Fusce congue, diam id ornare imperdiet, sapien urna pretium nisl, ut volutpat sapien arcu sed augue. Aliquam erat volutpat.', 1);
insert into servicos (id_ser, ser_t, nid) values (2, 'Nam ultrices, libero non mattis pulvinar, nulla pede ullamcorper augue, a suscipit nulla elit ac nulla. Sed vel enim sit amet nunc viverra dapibus. Nulla suscipit ligula in lacus. Curabitur at ipsum ac tellus semper interdum. Mauris ullamcorper purus sit amet nulla.', 2);
insert into servicos (id_ser, ser_t, nid) values (3, 'Duis mattis egestas metus. Aenean fermentum. Donec ut mauris eget massa tempor convallis. Nulla neque libero, convallis eget, eleifend luctus, ultricies eu, nibh. Quisque id justo sit amet sapien dignissim vestibulum. Vestibulum ante ipsum primis in faucibus orci luctus et ultrices posuere cubilia Curae; Nulla dapibus dolor vel est. Donec odio justo, sollicitudin ut, suscipit a, feugiat et, eros.', 3);
insert into servicos (id_ser, ser_t, nid) values (4, 'Morbi odio odio, elementum eu, interdum eu, tincidunt in, leo. Maecenas pulvinar lobortis est. Phasellus sit amet erat. Nulla tempus.', 4);
insert into servicos (id_ser, ser_t, nid) values (5, 'Morbi odio odio, elementum eu, interdum eu, tincidunt in, leo. Maecenas pulvinar lobortis est. Phasellus sit amet erat. Nulla tempus. Vivamus in felis eu sapien cursus vestibulum. Proin eu mi. Nulla ac enim. In tempor, turpis nec euismod scelerisque, quam turpis adipiscing lorem, vitae mattis nibh ligula nec sem. Duis aliquam convallis nunc.', 5);
insert into servicos (id_ser, ser_t, nid) values (6, 'Morbi a ipsum. Integer a nibh. In quis justo. Maecenas rhoncus aliquam lacus. Morbi quis tortor id nulla ultrices aliquet. Maecenas leo odio, condimentum id, luctus nec, molestie sed, justo. Pellentesque viverra pede ac diam. Cras pellentesque volutpat dui. Maecenas tristique, est et tempus semper, est quam pharetra magna, ac consequat metus sapien ut nunc.', 6);
insert into servicos (id_ser, ser_t, nid) values (7, 'Maecenas tincidunt lacus at velit. Vivamus vel nulla eget eros elementum pellentesque. Quisque porta volutpat erat. Quisque erat eros, viverra eget, congue eget, semper rutrum, nulla. Nunc purus. Phasellus in felis. Donec semper sapien a libero. Nam dui.', 7);
insert into servicos (id_ser, ser_t, nid) values (8, 'Cum sociis natoque penatibus et magnis dis parturient montes, nascetur ridiculus mus. Vivamus vestibulum sagittis sapien. Cum sociis natoque penatibus et magnis dis parturient montes, nascetur ridiculus mus. Etiam vel augue.', 8);
insert into servicos (id_ser, ser_t, nid) values (9, 'Vivamus vestibulum sagittis sapien. Cum sociis natoque penatibus et magnis dis parturient montes, nascetur ridiculus mus. Etiam vel augue. Vestibulum rutrum rutrum neque. Aenean auctor gravida sem.', 9);
insert into servicos (id_ser, ser_t, nid) values (10, 'Donec posuere metus vitae ipsum. Aliquam non mauris. Morbi non lectus. Aliquam sit amet diam in magna bibendum imperdiet. Nullam orci pede, venenatis non, sodales sed, tincidunt eu, felis.', 10);
insert into servicos (id_ser, ser_t, nid) values (11, 'Suspendisse potenti. Cras in purus eu magna vulputate luctus. Cum sociis natoque penatibus et magnis dis parturient montes, nascetur ridiculus mus. Vivamus vestibulum sagittis sapien. Cum sociis natoque penatibus et magnis dis parturient montes, nascetur ridiculus mus. Etiam vel augue. Vestibulum rutrum rutrum neque. Aenean auctor gravida sem. Praesent id massa id nisl venenatis lacinia.', 11);
insert into servicos (id_ser, ser_t, nid) values (12, 'Duis mattis egestas metus. Aenean fermentum. Donec ut mauris eget massa tempor convallis. Nulla neque libero, convallis eget, eleifend luctus, ultricies eu, nibh. Quisque id justo sit amet sapien dignissim vestibulum.', 12);
insert into servicos (id_ser, ser_t, nid) values (13, 'In congue. Etiam justo. Etiam pretium iaculis justo. In hac habitasse platea dictumst. Etiam faucibus cursus urna. Ut tellus. Nulla ut erat id mauris vulputate elementum. Nullam varius.', 13);
insert into servicos (id_ser, ser_t, nid) values (14, 'Proin eu mi. Nulla ac enim. In tempor, turpis nec euismod scelerisque, quam turpis adipiscing lorem, vitae mattis nibh ligula nec sem. Duis aliquam convallis nunc. Proin at turpis a pede posuere nonummy. Integer non velit.', 14);
insert into servicos (id_ser, ser_t, nid) values (15, 'Quisque ut erat. Curabitur gravida nisi at nibh. In hac habitasse platea dictumst. Aliquam augue quam, sollicitudin vitae, consectetuer eget, rutrum at, lorem. Integer tincidunt ante vel ipsum. Praesent blandit lacinia erat. Vestibulum sed magna at nunc commodo placerat. Praesent blandit.', 15);
insert into servicos (id_ser, ser_t, nid) values (16, 'In blandit ultrices enim. Lorem ipsum dolor sit amet, consectetuer adipiscing elit. Proin interdum mauris non ligula pellentesque ultrices.', 16);
insert into servicos (id_ser, ser_t, nid) values (17, 'Nulla nisl. Nunc nisl. Duis bibendum, felis sed interdum venenatis, turpis enim blandit mi, in porttitor pede justo eu massa. Donec dapibus. Duis at velit eu est congue elementum. In hac habitasse platea dictumst. Morbi vestibulum, velit id pretium iaculis, diam erat fermentum justo, nec condimentum neque sapien placerat ante. Nulla justo. Aliquam quis turpis eget elit sodales scelerisque.', 17);
insert into servicos (id_ser, ser_t, nid) values (18, 'Integer pede justo, lacinia eget, tincidunt eget, tempus vel, pede. Morbi porttitor lorem id ligula. Suspendisse ornare consequat lectus. In est risus, auctor sed, tristique in, tempus sit amet, sem.', 18);
insert into servicos (id_ser, ser_t, nid) values (19, 'Integer tincidunt ante vel ipsum. Praesent blandit lacinia erat. Vestibulum sed magna at nunc commodo placerat. Praesent blandit. Nam nulla.', 19);
insert into servicos (id_ser, ser_t, nid) values (20, 'Nam nulla. Integer pede justo, lacinia eget, tincidunt eget, tempus vel, pede. Morbi porttitor lorem id ligula. Suspendisse ornare consequat lectus. In est risus, auctor sed, tristique in, tempus sit amet, sem. Fusce consequat. Nulla nisl.', 20);
insert into servicos (id_ser, ser_t, nid) values (21, 'Suspendisse ornare consequat lectus. In est risus, auctor sed, tristique in, tempus sit amet, sem. Fusce consequat.', 21);
insert into servicos (id_ser, ser_t, nid) values (22, 'Morbi odio odio, elementum eu, interdum eu, tincidunt in, leo. Maecenas pulvinar lobortis est. Phasellus sit amet erat. Nulla tempus. Vivamus in felis eu sapien cursus vestibulum. Proin eu mi. Nulla ac enim. In tempor, turpis nec euismod scelerisque, quam turpis adipiscing lorem, vitae mattis nibh ligula nec sem. Duis aliquam convallis nunc.', 22);
insert into servicos (id_ser, ser_t, nid) values (23, 'Praesent lectus. Vestibulum quam sapien, varius ut, blandit non, interdum in, ante.', 23);
insert into servicos (id_ser, ser_t, nid) values (24, 'Suspendisse potenti. In eleifend quam a odio. In hac habitasse platea dictumst. Maecenas ut massa quis augue luctus tincidunt. Nulla mollis molestie lorem. Quisque ut erat. Curabitur gravida nisi at nibh.', 24);
insert into servicos (id_ser, ser_t, nid) values (25, 'Cum sociis natoque penatibus et magnis dis parturient montes, nascetur ridiculus mus.', 25);
insert into servicos (id_ser, ser_t, nid) values (26, 'Morbi a ipsum.', 26);
insert into servicos (id_ser, ser_t, nid) values (27, 'Nam nulla. Integer pede justo, lacinia eget, tincidunt eget, tempus vel, pede. Morbi porttitor lorem id ligula. Suspendisse ornare consequat lectus. In est risus, auctor sed, tristique in, tempus sit amet, sem. Fusce consequat.', 27);
insert into servicos (id_ser, ser_t, nid) values (28, 'Maecenas ut massa quis augue luctus tincidunt. Nulla mollis molestie lorem. Quisque ut erat. Curabitur gravida nisi at nibh. In hac habitasse platea dictumst. Aliquam augue quam, sollicitudin vitae, consectetuer eget, rutrum at, lorem. Integer tincidunt ante vel ipsum. Praesent blandit lacinia erat. Vestibulum sed magna at nunc commodo placerat. Praesent blandit.', 28);
insert into servicos (id_ser, ser_t, nid) values (29, 'Morbi porttitor lorem id ligula. Suspendisse ornare consequat lectus. In est risus, auctor sed, tristique in, tempus sit amet, sem. Fusce consequat. Nulla nisl.', 29);
insert into servicos (id_ser, ser_t, nid) values (30, 'Integer aliquet, massa id lobortis convallis, tortor risus dapibus augue, vel accumsan tellus nisi eu orci. Mauris lacinia sapien quis libero. Nullam sit amet turpis elementum ligula vehicula consequat. Morbi a ipsum. Integer a nibh. In quis justo. Maecenas rhoncus aliquam lacus. Morbi quis tortor id nulla ultrices aliquet. Maecenas leo odio, condimentum id, luctus nec, molestie sed, justo.', 30);
insert into servicos (id_ser, ser_t, nid) values (31, 'Pellentesque viverra pede ac diam. Cras pellentesque volutpat dui. Maecenas tristique, est et tempus semper, est quam pharetra magna, ac consequat metus sapien ut nunc. Vestibulum ante ipsum primis in faucibus orci luctus et ultrices posuere cubilia Curae; Mauris viverra diam vitae quam. Suspendisse potenti. Nullam porttitor lacus at turpis. Donec posuere metus vitae ipsum. Aliquam non mauris. Morbi non lectus. Aliquam sit amet diam in magna bibendum imperdiet.', 31);
insert into servicos (id_ser, ser_t, nid) values (32, 'Vestibulum quam sapien, varius ut, blandit non, interdum in, ante. Vestibulum ante ipsum primis in faucibus orci luctus et ultrices posuere cubilia Curae; Duis faucibus accumsan odio.', 32);
insert into servicos (id_ser, ser_t, nid) values (33, 'In est risus, auctor sed, tristique in, tempus sit amet, sem. Fusce consequat. Nulla nisl. Nunc nisl. Duis bibendum, felis sed interdum venenatis, turpis enim blandit mi, in porttitor pede justo eu massa.', 33);
insert into servicos (id_ser, ser_t, nid) values (34, 'Nunc rhoncus dui vel sem. Sed sagittis. Nam congue, risus semper porta volutpat, quam pede lobortis ligula, sit amet eleifend pede libero quis orci. Nullam molestie nibh in lectus. Pellentesque at nulla. Suspendisse potenti.', 34);
insert into servicos (id_ser, ser_t, nid) values (35, 'Ut tellus. Nulla ut erat id mauris vulputate elementum. Nullam varius. Nulla facilisi. Cras non velit nec nisi vulputate nonummy. Maecenas tincidunt lacus at velit. Vivamus vel nulla eget eros elementum pellentesque.', 35);
insert into servicos (id_ser, ser_t, nid) values (36, 'In est risus, auctor sed, tristique in, tempus sit amet, sem. Fusce consequat. Nulla nisl. Nunc nisl. Duis bibendum, felis sed interdum venenatis, turpis enim blandit mi, in porttitor pede justo eu massa. Donec dapibus. Duis at velit eu est congue elementum.', 36);
insert into servicos (id_ser, ser_t, nid) values (37, 'Sed accumsan felis. Ut at dolor quis odio consequat varius. Integer ac leo. Pellentesque ultrices mattis odio. Donec vitae nisi. Nam ultrices, libero non mattis pulvinar, nulla pede ullamcorper augue, a suscipit nulla elit ac nulla. Sed vel enim sit amet nunc viverra dapibus.', 37);
insert into servicos (id_ser, ser_t, nid) values (38, 'Morbi vel lectus in quam fringilla rhoncus. Mauris enim leo, rhoncus sed, vestibulum sit amet, cursus id, turpis. Integer aliquet, massa id lobortis convallis, tortor risus dapibus augue, vel accumsan tellus nisi eu orci.', 38);
insert into servicos (id_ser, ser_t, nid) values (39, 'Curabitur convallis. Duis consequat dui nec nisi volutpat eleifend. Donec ut dolor. Morbi vel lectus in quam fringilla rhoncus. Mauris enim leo, rhoncus sed, vestibulum sit amet, cursus id, turpis.', 39);
insert into servicos (id_ser, ser_t, nid) values (40, 'Donec ut mauris eget massa tempor convallis. Nulla neque libero, convallis eget, eleifend luctus, ultricies eu, nibh. Quisque id justo sit amet sapien dignissim vestibulum.', 40);
insert into servicos (id_ser, ser_t, nid) values (41, 'Vivamus metus arcu, adipiscing molestie, hendrerit at, vulputate vitae, nisl. Aenean lectus. Pellentesque eget nunc. Donec quis orci eget orci vehicula condimentum. Curabitur in libero ut massa volutpat convallis. Morbi odio odio, elementum eu, interdum eu, tincidunt in, leo. Maecenas pulvinar lobortis est. Phasellus sit amet erat. Nulla tempus. Vivamus in felis eu sapien cursus vestibulum.', 41);
insert into servicos (id_ser, ser_t, nid) values (42, 'Morbi odio odio, elementum eu, interdum eu, tincidunt in, leo.', 42);
insert into servicos (id_ser, ser_t, nid) values (43, 'Proin risus. Praesent lectus. Vestibulum quam sapien, varius ut, blandit non, interdum in, ante. Vestibulum ante ipsum primis in faucibus orci luctus et ultrices posuere cubilia Curae; Duis faucibus accumsan odio. Curabitur convallis. Duis consequat dui nec nisi volutpat eleifend. Donec ut dolor. Morbi vel lectus in quam fringilla rhoncus. Mauris enim leo, rhoncus sed, vestibulum sit amet, cursus id, turpis. Integer aliquet, massa id lobortis convallis, tortor risus dapibus augue, vel accumsan tellus nisi eu orci.', 43);
insert into servicos (id_ser, ser_t, nid) values (44, 'Suspendisse accumsan tortor quis turpis. Sed ante. Vivamus tortor. Duis mattis egestas metus.', 44);
insert into servicos (id_ser, ser_t, nid) values (45, 'Lorem ipsum dolor sit amet, consectetuer adipiscing elit. Proin risus. Praesent lectus. Vestibulum quam sapien, varius ut, blandit non, interdum in, ante. Vestibulum ante ipsum primis in faucibus orci luctus et ultrices posuere cubilia Curae; Duis faucibus accumsan odio. Curabitur convallis. Duis consequat dui nec nisi volutpat eleifend. Donec ut dolor.', 45);
insert into servicos (id_ser, ser_t, nid) values (46, 'Fusce congue, diam id ornare imperdiet, sapien urna pretium nisl, ut volutpat sapien arcu sed augue. Aliquam erat volutpat. In congue. Etiam justo. Etiam pretium iaculis justo. In hac habitasse platea dictumst. Etiam faucibus cursus urna.', 46);
insert into servicos (id_ser, ser_t, nid) values (47, 'Curabitur gravida nisi at nibh. In hac habitasse platea dictumst. Aliquam augue quam, sollicitudin vitae, consectetuer eget, rutrum at, lorem. Integer tincidunt ante vel ipsum. Praesent blandit lacinia erat. Vestibulum sed magna at nunc commodo placerat.', 47);
insert into servicos (id_ser, ser_t, nid) values (48, 'Cras pellentesque volutpat dui. Maecenas tristique, est et tempus semper, est quam pharetra magna, ac consequat metus sapien ut nunc. Vestibulum ante ipsum primis in faucibus orci luctus et ultrices posuere cubilia Curae; Mauris viverra diam vitae quam. Suspendisse potenti. Nullam porttitor lacus at turpis. Donec posuere metus vitae ipsum. Aliquam non mauris. Morbi non lectus. Aliquam sit amet diam in magna bibendum imperdiet. Nullam orci pede, venenatis non, sodales sed, tincidunt eu, felis.', 48);
insert into servicos (id_ser, ser_t, nid) values (49, 'Ut at dolor quis odio consequat varius. Integer ac leo. Pellentesque ultrices mattis odio. Donec vitae nisi. Nam ultrices, libero non mattis pulvinar, nulla pede ullamcorper augue, a suscipit nulla elit ac nulla.', 49);
insert into servicos (id_ser, ser_t, nid) values (50, 'Nulla tellus. In sagittis dui vel nisl. Duis ac nibh. Fusce lacus purus, aliquet at, feugiat non, pretium quis, lectus. Suspendisse potenti. In eleifend quam a odio. In hac habitasse platea dictumst.', 50);
insert into servicos (id_ser, ser_t, nid) values (51, 'In est risus, auctor sed, tristique in, tempus sit amet, sem. Fusce consequat. Nulla nisl. Nunc nisl. Duis bibendum, felis sed interdum venenatis, turpis enim blandit mi, in porttitor pede justo eu massa. Donec dapibus. Duis at velit eu est congue elementum. In hac habitasse platea dictumst. Morbi vestibulum, velit id pretium iaculis, diam erat fermentum justo, nec condimentum neque sapien placerat ante.', 51);
insert into servicos (id_ser, ser_t, nid) values (52, 'In quis justo. Maecenas rhoncus aliquam lacus. Morbi quis tortor id nulla ultrices aliquet. Maecenas leo odio, condimentum id, luctus nec, molestie sed, justo. Pellentesque viverra pede ac diam. Cras pellentesque volutpat dui.', 52);
insert into servicos (id_ser, ser_t, nid) values (53, 'Nullam sit amet turpis elementum ligula vehicula consequat. Morbi a ipsum. Integer a nibh. In quis justo. Maecenas rhoncus aliquam lacus. Morbi quis tortor id nulla ultrices aliquet. Maecenas leo odio, condimentum id, luctus nec, molestie sed, justo. Pellentesque viverra pede ac diam.', 53);
insert into servicos (id_ser, ser_t, nid) values (54, 'Nulla nisl. Nunc nisl. Duis bibendum, felis sed interdum venenatis, turpis enim blandit mi, in porttitor pede justo eu massa. Donec dapibus.', 54);
insert into servicos (id_ser, ser_t, nid) values (55, 'Integer aliquet, massa id lobortis convallis, tortor risus dapibus augue, vel accumsan tellus nisi eu orci. Mauris lacinia sapien quis libero. Nullam sit amet turpis elementum ligula vehicula consequat.', 55);
insert into servicos (id_ser, ser_t, nid) values (56, 'Praesent id massa id nisl venenatis lacinia.', 56);
insert into servicos (id_ser, ser_t, nid) values (57, 'Donec odio justo, sollicitudin ut, suscipit a, feugiat et, eros. Vestibulum ac est lacinia nisi venenatis tristique. Fusce congue, diam id ornare imperdiet, sapien urna pretium nisl, ut volutpat sapien arcu sed augue. Aliquam erat volutpat. In congue. Etiam justo.', 57);
insert into servicos (id_ser, ser_t, nid) values (58, 'Maecenas pulvinar lobortis est. Phasellus sit amet erat. Nulla tempus. Vivamus in felis eu sapien cursus vestibulum. Proin eu mi. Nulla ac enim.', 58);
insert into servicos (id_ser, ser_t, nid) values (59, 'Pellentesque eget nunc. Donec quis orci eget orci vehicula condimentum. Curabitur in libero ut massa volutpat convallis. Morbi odio odio, elementum eu, interdum eu, tincidunt in, leo. Maecenas pulvinar lobortis est.', 59);
insert into servicos (id_ser, ser_t, nid) values (60, 'Nullam varius. Nulla facilisi. Cras non velit nec nisi vulputate nonummy.', 60);
insert into servicos (id_ser, ser_t, nid) values (61, 'In hac habitasse platea dictumst. Maecenas ut massa quis augue luctus tincidunt.', 61);
insert into servicos (id_ser, ser_t, nid) values (62, 'Vestibulum sed magna at nunc commodo placerat. Praesent blandit. Nam nulla. Integer pede justo, lacinia eget, tincidunt eget, tempus vel, pede.', 62);
insert into servicos (id_ser, ser_t, nid) values (63, 'Fusce consequat. Nulla nisl. Nunc nisl. Duis bibendum, felis sed interdum venenatis, turpis enim blandit mi, in porttitor pede justo eu massa. Donec dapibus. Duis at velit eu est congue elementum. In hac habitasse platea dictumst.', 63);
insert into servicos (id_ser, ser_t, nid) values (64, 'In est risus, auctor sed, tristique in, tempus sit amet, sem. Fusce consequat. Nulla nisl. Nunc nisl. Duis bibendum, felis sed interdum venenatis, turpis enim blandit mi, in porttitor pede justo eu massa. Donec dapibus. Duis at velit eu est congue elementum. In hac habitasse platea dictumst. Morbi vestibulum, velit id pretium iaculis, diam erat fermentum justo, nec condimentum neque sapien placerat ante.', 64);
insert into servicos (id_ser, ser_t, nid) values (65, 'Vestibulum ac est lacinia nisi venenatis tristique. Fusce congue, diam id ornare imperdiet, sapien urna pretium nisl, ut volutpat sapien arcu sed augue.', 65);
insert into servicos (id_ser, ser_t, nid) values (66, 'Quisque id justo sit amet sapien dignissim vestibulum. Vestibulum ante ipsum primis in faucibus orci luctus et ultrices posuere cubilia Curae; Nulla dapibus dolor vel est. Donec odio justo, sollicitudin ut, suscipit a, feugiat et, eros. Vestibulum ac est lacinia nisi venenatis tristique. Fusce congue, diam id ornare imperdiet, sapien urna pretium nisl, ut volutpat sapien arcu sed augue. Aliquam erat volutpat. In congue. Etiam justo.', 66);
insert into servicos (id_ser, ser_t, nid) values (67, 'Curabitur convallis. Duis consequat dui nec nisi volutpat eleifend. Donec ut dolor. Morbi vel lectus in quam fringilla rhoncus. Mauris enim leo, rhoncus sed, vestibulum sit amet, cursus id, turpis. Integer aliquet, massa id lobortis convallis, tortor risus dapibus augue, vel accumsan tellus nisi eu orci. Mauris lacinia sapien quis libero. Nullam sit amet turpis elementum ligula vehicula consequat. Morbi a ipsum. Integer a nibh.', 67);
insert into servicos (id_ser, ser_t, nid) values (68, 'Ut tellus.', 68);
insert into servicos (id_ser, ser_t, nid) values (69, 'Mauris enim leo, rhoncus sed, vestibulum sit amet, cursus id, turpis. Integer aliquet, massa id lobortis convallis, tortor risus dapibus augue, vel accumsan tellus nisi eu orci. Mauris lacinia sapien quis libero. Nullam sit amet turpis elementum ligula vehicula consequat. Morbi a ipsum. Integer a nibh.', 69);
insert into servicos (id_ser, ser_t, nid) values (70, 'Nulla tempus. Vivamus in felis eu sapien cursus vestibulum. Proin eu mi. Nulla ac enim. In tempor, turpis nec euismod scelerisque, quam turpis adipiscing lorem, vitae mattis nibh ligula nec sem. Duis aliquam convallis nunc. Proin at turpis a pede posuere nonummy.', 70);
insert into servicos (id_ser, ser_t, nid) values (71, 'Vestibulum ac est lacinia nisi venenatis tristique.', 71);
insert into servicos (id_ser, ser_t, nid) values (72, 'Integer pede justo, lacinia eget, tincidunt eget, tempus vel, pede. Morbi porttitor lorem id ligula. Suspendisse ornare consequat lectus. In est risus, auctor sed, tristique in, tempus sit amet, sem.', 72);
insert into servicos (id_ser, ser_t, nid) values (73, 'Vestibulum ante ipsum primis in faucibus orci luctus et ultrices posuere cubilia Curae; Duis faucibus accumsan odio. Curabitur convallis. Duis consequat dui nec nisi volutpat eleifend. Donec ut dolor. Morbi vel lectus in quam fringilla rhoncus. Mauris enim leo, rhoncus sed, vestibulum sit amet, cursus id, turpis. Integer aliquet, massa id lobortis convallis, tortor risus dapibus augue, vel accumsan tellus nisi eu orci.', 73);
insert into servicos (id_ser, ser_t, nid) values (74, 'Mauris lacinia sapien quis libero. Nullam sit amet turpis elementum ligula vehicula consequat. Morbi a ipsum. Integer a nibh. In quis justo. Maecenas rhoncus aliquam lacus. Morbi quis tortor id nulla ultrices aliquet.', 74);
insert into servicos (id_ser, ser_t, nid) values (75, 'Lorem ipsum dolor sit amet, consectetuer adipiscing elit. Proin interdum mauris non ligula pellentesque ultrices. Phasellus id sapien in sapien iaculis congue. Vivamus metus arcu, adipiscing molestie, hendrerit at, vulputate vitae, nisl. Aenean lectus. Pellentesque eget nunc. Donec quis orci eget orci vehicula condimentum. Curabitur in libero ut massa volutpat convallis. Morbi odio odio, elementum eu, interdum eu, tincidunt in, leo.', 75);
insert into servicos (id_ser, ser_t, nid) values (76, 'Nulla suscipit ligula in lacus. Curabitur at ipsum ac tellus semper interdum. Mauris ullamcorper purus sit amet nulla.', 76);
insert into servicos (id_ser, ser_t, nid) values (77, 'Duis ac nibh. Fusce lacus purus, aliquet at, feugiat non, pretium quis, lectus. Suspendisse potenti. In eleifend quam a odio. In hac habitasse platea dictumst. Maecenas ut massa quis augue luctus tincidunt. Nulla mollis molestie lorem. Quisque ut erat. Curabitur gravida nisi at nibh. In hac habitasse platea dictumst.', 77);
insert into servicos (id_ser, ser_t, nid) values (78, 'Vestibulum ac est lacinia nisi venenatis tristique. Fusce congue, diam id ornare imperdiet, sapien urna pretium nisl, ut volutpat sapien arcu sed augue.', 78);
insert into servicos (id_ser, ser_t, nid) values (79, 'Vivamus vel nulla eget eros elementum pellentesque. Quisque porta volutpat erat. Quisque erat eros, viverra eget, congue eget, semper rutrum, nulla. Nunc purus.', 79);
insert into servicos (id_ser, ser_t, nid) values (80, 'Quisque erat eros, viverra eget, congue eget, semper rutrum, nulla. Nunc purus. Phasellus in felis. Donec semper sapien a libero. Nam dui.', 80);
insert into servicos (id_ser, ser_t, nid) values (81, 'Morbi porttitor lorem id ligula. Suspendisse ornare consequat lectus. In est risus, auctor sed, tristique in, tempus sit amet, sem. Fusce consequat. Nulla nisl.', 81);
insert into servicos (id_ser, ser_t, nid) values (82, 'Nullam orci pede, venenatis non, sodales sed, tincidunt eu, felis. Fusce posuere felis sed lacus. Morbi sem mauris, laoreet ut, rhoncus aliquet, pulvinar sed, nisl. Nunc rhoncus dui vel sem. Sed sagittis. Nam congue, risus semper porta volutpat, quam pede lobortis ligula, sit amet eleifend pede libero quis orci. Nullam molestie nibh in lectus. Pellentesque at nulla.', 82);
insert into servicos (id_ser, ser_t, nid) values (83, 'Nam dui. Proin leo odio, porttitor id, consequat in, consequat ut, nulla.', 83);
insert into servicos (id_ser, ser_t, nid) values (84, 'Nam nulla. Integer pede justo, lacinia eget, tincidunt eget, tempus vel, pede. Morbi porttitor lorem id ligula. Suspendisse ornare consequat lectus. In est risus, auctor sed, tristique in, tempus sit amet, sem. Fusce consequat. Nulla nisl. Nunc nisl.', 84);
insert into servicos (id_ser, ser_t, nid) values (85, 'Praesent id massa id nisl venenatis lacinia. Aenean sit amet justo. Morbi ut odio. Cras mi pede, malesuada in, imperdiet et, commodo vulputate, justo. In blandit ultrices enim. Lorem ipsum dolor sit amet, consectetuer adipiscing elit. Proin interdum mauris non ligula pellentesque ultrices. Phasellus id sapien in sapien iaculis congue.', 85);
insert into servicos (id_ser, ser_t, nid) values (86, 'Nulla mollis molestie lorem. Quisque ut erat. Curabitur gravida nisi at nibh. In hac habitasse platea dictumst. Aliquam augue quam, sollicitudin vitae, consectetuer eget, rutrum at, lorem. Integer tincidunt ante vel ipsum.', 86);
insert into servicos (id_ser, ser_t, nid) values (87, 'Nulla facilisi. Cras non velit nec nisi vulputate nonummy. Maecenas tincidunt lacus at velit.', 87);
insert into servicos (id_ser, ser_t, nid) values (88, 'Vestibulum ante ipsum primis in faucibus orci luctus et ultrices posuere cubilia Curae; Nulla dapibus dolor vel est. Donec odio justo, sollicitudin ut, suscipit a, feugiat et, eros.', 88);
insert into servicos (id_ser, ser_t, nid) values (89, 'Cras mi pede, malesuada in, imperdiet et, commodo vulputate, justo. In blandit ultrices enim. Lorem ipsum dolor sit amet, consectetuer adipiscing elit.', 89);
insert into servicos (id_ser, ser_t, nid) values (90, 'Vivamus tortor. Duis mattis egestas metus.', 90);
insert into servicos (id_ser, ser_t, nid) values (91, 'Quisque porta volutpat erat. Quisque erat eros, viverra eget, congue eget, semper rutrum, nulla. Nunc purus. Phasellus in felis.', 91);
insert into servicos (id_ser, ser_t, nid) values (92, 'Nam nulla. Integer pede justo, lacinia eget, tincidunt eget, tempus vel, pede. Morbi porttitor lorem id ligula. Suspendisse ornare consequat lectus. In est risus, auctor sed, tristique in, tempus sit amet, sem. Fusce consequat. Nulla nisl. Nunc nisl. Duis bibendum, felis sed interdum venenatis, turpis enim blandit mi, in porttitor pede justo eu massa. Donec dapibus.', 92);
insert into servicos (id_ser, ser_t, nid) values (93, 'Nullam molestie nibh in lectus. Pellentesque at nulla. Suspendisse potenti. Cras in purus eu magna vulputate luctus.', 93);
insert into servicos (id_ser, ser_t, nid) values (94, 'Curabitur in libero ut massa volutpat convallis. Morbi odio odio, elementum eu, interdum eu, tincidunt in, leo. Maecenas pulvinar lobortis est. Phasellus sit amet erat. Nulla tempus. Vivamus in felis eu sapien cursus vestibulum. Proin eu mi. Nulla ac enim. In tempor, turpis nec euismod scelerisque, quam turpis adipiscing lorem, vitae mattis nibh ligula nec sem. Duis aliquam convallis nunc.', 94);
insert into servicos (id_ser, ser_t, nid) values (95, 'In tempor, turpis nec euismod scelerisque, quam turpis adipiscing lorem, vitae mattis nibh ligula nec sem. Duis aliquam convallis nunc. Proin at turpis a pede posuere nonummy. Integer non velit. Donec diam neque, vestibulum eget, vulputate ut, ultrices vel, augue. Vestibulum ante ipsum primis in faucibus orci luctus et ultrices posuere cubilia Curae; Donec pharetra, magna vestibulum aliquet ultrices, erat tortor sollicitudin mi, sit amet lobortis sapien sapien non mi. Integer ac neque. Duis bibendum. Morbi non quam nec dui luctus rutrum. Nulla tellus.', 95);
insert into servicos (id_ser, ser_t, nid) values (96, 'Morbi porttitor lorem id ligula. Suspendisse ornare consequat lectus.', 96);
insert into servicos (id_ser, ser_t, nid) values (97, 'In congue.', 97);
insert into servicos (id_ser, ser_t, nid) values (98, 'Nam congue, risus semper porta volutpat, quam pede lobortis ligula, sit amet eleifend pede libero quis orci. Nullam molestie nibh in lectus. Pellentesque at nulla. Suspendisse potenti. Cras in purus eu magna vulputate luctus. Cum sociis natoque penatibus et magnis dis parturient montes, nascetur ridiculus mus. Vivamus vestibulum sagittis sapien. Cum sociis natoque penatibus et magnis dis parturient montes, nascetur ridiculus mus. Etiam vel augue. Vestibulum rutrum rutrum neque.', 98);
insert into servicos (id_ser, ser_t, nid) values (99, 'Nulla tempus. Vivamus in felis eu sapien cursus vestibulum. Proin eu mi. Nulla ac enim. In tempor, turpis nec euismod scelerisque, quam turpis adipiscing lorem, vitae mattis nibh ligula nec sem. Duis aliquam convallis nunc. Proin at turpis a pede posuere nonummy. Integer non velit.', 99);
insert into servicos (id_ser, ser_t, nid) values (100, 'Proin interdum mauris non ligula pellentesque ultrices. Phasellus id sapien in sapien iaculis congue. Vivamus metus arcu, adipiscing molestie, hendrerit at, vulputate vitae, nisl.', 100);

insert into informacoes (id_info, msg_info, nid) values (1, 'Sed sagittis. Nam congue, risus semper porta volutpat, quam pede lobortis ligula, sit amet eleifend pede libero quis orci.', 1);
insert into informacoes (id_info, msg_info, nid) values (2, 'Nam ultrices, libero non mattis pulvinar, nulla pede ullamcorper augue, a suscipit nulla elit ac nulla. Sed vel enim sit amet nunc viverra dapibus. Nulla suscipit ligula in lacus. Curabitur at ipsum ac tellus semper interdum. Mauris ullamcorper purus sit amet nulla. Quisque arcu libero, rutrum ac, lobortis vel, dapibus at, diam. Nam tristique tortor eu pede.', 2);
insert into informacoes (id_info, msg_info, nid) values (3, 'Suspendisse potenti. In eleifend quam a odio. In hac habitasse platea dictumst. Maecenas ut massa quis augue luctus tincidunt.', 3);
insert into informacoes (id_info, msg_info, nid) values (4, 'Donec diam neque, vestibulum eget, vulputate ut, ultrices vel, augue. Vestibulum ante ipsum primis in faucibus orci luctus et ultrices posuere cubilia Curae; Donec pharetra, magna vestibulum aliquet ultrices, erat tortor sollicitudin mi, sit amet lobortis sapien sapien non mi. Integer ac neque.', 4);
insert into informacoes (id_info, msg_info, nid) values (5, 'Suspendisse potenti. In eleifend quam a odio.', 5);
insert into informacoes (id_info, msg_info, nid) values (6, 'Vestibulum quam sapien, varius ut, blandit non, interdum in, ante.', 6);
insert into informacoes (id_info, msg_info, nid) values (7, 'Aenean fermentum. Donec ut mauris eget massa tempor convallis. Nulla neque libero, convallis eget, eleifend luctus, ultricies eu, nibh. Quisque id justo sit amet sapien dignissim vestibulum. Vestibulum ante ipsum primis in faucibus orci luctus et ultrices posuere cubilia Curae; Nulla dapibus dolor vel est. Donec odio justo, sollicitudin ut, suscipit a, feugiat et, eros. Vestibulum ac est lacinia nisi venenatis tristique.', 7);
insert into informacoes (id_info, msg_info, nid) values (8, 'Proin risus. Praesent lectus. Vestibulum quam sapien, varius ut, blandit non, interdum in, ante. Vestibulum ante ipsum primis in faucibus orci luctus et ultrices posuere cubilia Curae; Duis faucibus accumsan odio.', 8);
insert into informacoes (id_info, msg_info, nid) values (9, 'Vivamus tortor.', 9);
insert into informacoes (id_info, msg_info, nid) values (10, 'Donec dapibus.', 10);
insert into informacoes (id_info, msg_info, nid) values (11, 'Integer tincidunt ante vel ipsum. Praesent blandit lacinia erat. Vestibulum sed magna at nunc commodo placerat. Praesent blandit. Nam nulla. Integer pede justo, lacinia eget, tincidunt eget, tempus vel, pede. Morbi porttitor lorem id ligula. Suspendisse ornare consequat lectus. In est risus, auctor sed, tristique in, tempus sit amet, sem. Fusce consequat.', 11);
insert into informacoes (id_info, msg_info, nid) values (12, 'Fusce consequat. Nulla nisl. Nunc nisl.', 12);
insert into informacoes (id_info, msg_info, nid) values (13, 'Morbi non lectus. Aliquam sit amet diam in magna bibendum imperdiet. Nullam orci pede, venenatis non, sodales sed, tincidunt eu, felis. Fusce posuere felis sed lacus.', 13);
insert into informacoes (id_info, msg_info, nid) values (14, 'Duis consequat dui nec nisi volutpat eleifend. Donec ut dolor.', 14);
insert into informacoes (id_info, msg_info, nid) values (15, 'Aliquam quis turpis eget elit sodales scelerisque. Mauris sit amet eros. Suspendisse accumsan tortor quis turpis. Sed ante.', 15);
insert into informacoes (id_info, msg_info, nid) values (16, 'Ut tellus. Nulla ut erat id mauris vulputate elementum. Nullam varius. Nulla facilisi. Cras non velit nec nisi vulputate nonummy. Maecenas tincidunt lacus at velit. Vivamus vel nulla eget eros elementum pellentesque. Quisque porta volutpat erat. Quisque erat eros, viverra eget, congue eget, semper rutrum, nulla. Nunc purus.', 16);
insert into informacoes (id_info, msg_info, nid) values (17, 'Mauris enim leo, rhoncus sed, vestibulum sit amet, cursus id, turpis. Integer aliquet, massa id lobortis convallis, tortor risus dapibus augue, vel accumsan tellus nisi eu orci. Mauris lacinia sapien quis libero. Nullam sit amet turpis elementum ligula vehicula consequat. Morbi a ipsum. Integer a nibh. In quis justo. Maecenas rhoncus aliquam lacus. Morbi quis tortor id nulla ultrices aliquet. Maecenas leo odio, condimentum id, luctus nec, molestie sed, justo.', 17);
insert into informacoes (id_info, msg_info, nid) values (18, 'Aenean lectus. Pellentesque eget nunc. Donec quis orci eget orci vehicula condimentum. Curabitur in libero ut massa volutpat convallis. Morbi odio odio, elementum eu, interdum eu, tincidunt in, leo. Maecenas pulvinar lobortis est. Phasellus sit amet erat. Nulla tempus. Vivamus in felis eu sapien cursus vestibulum.', 18);
insert into informacoes (id_info, msg_info, nid) values (19, 'Aenean auctor gravida sem. Praesent id massa id nisl venenatis lacinia. Aenean sit amet justo. Morbi ut odio. Cras mi pede, malesuada in, imperdiet et, commodo vulputate, justo. In blandit ultrices enim. Lorem ipsum dolor sit amet, consectetuer adipiscing elit. Proin interdum mauris non ligula pellentesque ultrices. Phasellus id sapien in sapien iaculis congue.', 19);
insert into informacoes (id_info, msg_info, nid) values (20, 'Donec semper sapien a libero. Nam dui. Proin leo odio, porttitor id, consequat in, consequat ut, nulla.', 20);
insert into informacoes (id_info, msg_info, nid) values (21, 'Phasellus in felis.', 21);
insert into informacoes (id_info, msg_info, nid) values (22, 'Donec semper sapien a libero. Nam dui.', 22);
insert into informacoes (id_info, msg_info, nid) values (23, 'Nam nulla. Integer pede justo, lacinia eget, tincidunt eget, tempus vel, pede. Morbi porttitor lorem id ligula. Suspendisse ornare consequat lectus. In est risus, auctor sed, tristique in, tempus sit amet, sem. Fusce consequat.', 23);
insert into informacoes (id_info, msg_info, nid) values (24, 'Etiam faucibus cursus urna. Ut tellus. Nulla ut erat id mauris vulputate elementum.', 24);
insert into informacoes (id_info, msg_info, nid) values (25, 'Aliquam non mauris. Morbi non lectus. Aliquam sit amet diam in magna bibendum imperdiet. Nullam orci pede, venenatis non, sodales sed, tincidunt eu, felis. Fusce posuere felis sed lacus. Morbi sem mauris, laoreet ut, rhoncus aliquet, pulvinar sed, nisl. Nunc rhoncus dui vel sem. Sed sagittis. Nam congue, risus semper porta volutpat, quam pede lobortis ligula, sit amet eleifend pede libero quis orci.', 25);
insert into informacoes (id_info, msg_info, nid) values (26, 'Lorem ipsum dolor sit amet, consectetuer adipiscing elit. Proin risus. Praesent lectus. Vestibulum quam sapien, varius ut, blandit non, interdum in, ante. Vestibulum ante ipsum primis in faucibus orci luctus et ultrices posuere cubilia Curae; Duis faucibus accumsan odio. Curabitur convallis. Duis consequat dui nec nisi volutpat eleifend.', 26);
insert into informacoes (id_info, msg_info, nid) values (27, 'Praesent lectus. Vestibulum quam sapien, varius ut, blandit non, interdum in, ante.', 27);
insert into informacoes (id_info, msg_info, nid) values (28, 'Mauris lacinia sapien quis libero. Nullam sit amet turpis elementum ligula vehicula consequat.', 28);
insert into informacoes (id_info, msg_info, nid) values (29, 'Pellentesque viverra pede ac diam. Cras pellentesque volutpat dui. Maecenas tristique, est et tempus semper, est quam pharetra magna, ac consequat metus sapien ut nunc. Vestibulum ante ipsum primis in faucibus orci luctus et ultrices posuere cubilia Curae; Mauris viverra diam vitae quam. Suspendisse potenti. Nullam porttitor lacus at turpis. Donec posuere metus vitae ipsum. Aliquam non mauris. Morbi non lectus.', 29);
insert into informacoes (id_info, msg_info, nid) values (30, 'Vestibulum ante ipsum primis in faucibus orci luctus et ultrices posuere cubilia Curae; Duis faucibus accumsan odio. Curabitur convallis. Duis consequat dui nec nisi volutpat eleifend. Donec ut dolor.', 30);
insert into informacoes (id_info, msg_info, nid) values (31, 'Cras in purus eu magna vulputate luctus. Cum sociis natoque penatibus et magnis dis parturient montes, nascetur ridiculus mus. Vivamus vestibulum sagittis sapien. Cum sociis natoque penatibus et magnis dis parturient montes, nascetur ridiculus mus. Etiam vel augue. Vestibulum rutrum rutrum neque.', 31);
insert into informacoes (id_info, msg_info, nid) values (32, 'Donec odio justo, sollicitudin ut, suscipit a, feugiat et, eros. Vestibulum ac est lacinia nisi venenatis tristique.', 32);
insert into informacoes (id_info, msg_info, nid) values (33, 'Integer ac neque. Duis bibendum.', 33);
insert into informacoes (id_info, msg_info, nid) values (34, 'Cras pellentesque volutpat dui. Maecenas tristique, est et tempus semper, est quam pharetra magna, ac consequat metus sapien ut nunc. Vestibulum ante ipsum primis in faucibus orci luctus et ultrices posuere cubilia Curae; Mauris viverra diam vitae quam. Suspendisse potenti. Nullam porttitor lacus at turpis. Donec posuere metus vitae ipsum. Aliquam non mauris. Morbi non lectus. Aliquam sit amet diam in magna bibendum imperdiet. Nullam orci pede, venenatis non, sodales sed, tincidunt eu, felis.', 34);
insert into informacoes (id_info, msg_info, nid) values (35, 'Vestibulum quam sapien, varius ut, blandit non, interdum in, ante. Vestibulum ante ipsum primis in faucibus orci luctus et ultrices posuere cubilia Curae; Duis faucibus accumsan odio. Curabitur convallis. Duis consequat dui nec nisi volutpat eleifend. Donec ut dolor. Morbi vel lectus in quam fringilla rhoncus.', 35);
insert into informacoes (id_info, msg_info, nid) values (36, 'Aenean sit amet justo. Morbi ut odio. Cras mi pede, malesuada in, imperdiet et, commodo vulputate, justo. In blandit ultrices enim. Lorem ipsum dolor sit amet, consectetuer adipiscing elit. Proin interdum mauris non ligula pellentesque ultrices. Phasellus id sapien in sapien iaculis congue. Vivamus metus arcu, adipiscing molestie, hendrerit at, vulputate vitae, nisl. Aenean lectus. Pellentesque eget nunc.', 36);
insert into informacoes (id_info, msg_info, nid) values (37, 'Proin interdum mauris non ligula pellentesque ultrices. Phasellus id sapien in sapien iaculis congue. Vivamus metus arcu, adipiscing molestie, hendrerit at, vulputate vitae, nisl. Aenean lectus. Pellentesque eget nunc. Donec quis orci eget orci vehicula condimentum.', 37);
insert into informacoes (id_info, msg_info, nid) values (38, 'Proin interdum mauris non ligula pellentesque ultrices. Phasellus id sapien in sapien iaculis congue. Vivamus metus arcu, adipiscing molestie, hendrerit at, vulputate vitae, nisl.', 38);
insert into informacoes (id_info, msg_info, nid) values (39, 'Maecenas rhoncus aliquam lacus. Morbi quis tortor id nulla ultrices aliquet. Maecenas leo odio, condimentum id, luctus nec, molestie sed, justo. Pellentesque viverra pede ac diam. Cras pellentesque volutpat dui. Maecenas tristique, est et tempus semper, est quam pharetra magna, ac consequat metus sapien ut nunc.', 39);
insert into informacoes (id_info, msg_info, nid) values (40, 'Vivamus vestibulum sagittis sapien. Cum sociis natoque penatibus et magnis dis parturient montes, nascetur ridiculus mus. Etiam vel augue. Vestibulum rutrum rutrum neque. Aenean auctor gravida sem. Praesent id massa id nisl venenatis lacinia. Aenean sit amet justo. Morbi ut odio. Cras mi pede, malesuada in, imperdiet et, commodo vulputate, justo. In blandit ultrices enim.', 40);
insert into informacoes (id_info, msg_info, nid) values (41, 'Fusce congue, diam id ornare imperdiet, sapien urna pretium nisl, ut volutpat sapien arcu sed augue. Aliquam erat volutpat. In congue. Etiam justo. Etiam pretium iaculis justo. In hac habitasse platea dictumst. Etiam faucibus cursus urna. Ut tellus. Nulla ut erat id mauris vulputate elementum. Nullam varius.', 41);
insert into informacoes (id_info, msg_info, nid) values (42, 'Sed ante.', 42);
insert into informacoes (id_info, msg_info, nid) values (43, 'Donec ut dolor. Morbi vel lectus in quam fringilla rhoncus. Mauris enim leo, rhoncus sed, vestibulum sit amet, cursus id, turpis. Integer aliquet, massa id lobortis convallis, tortor risus dapibus augue, vel accumsan tellus nisi eu orci. Mauris lacinia sapien quis libero. Nullam sit amet turpis elementum ligula vehicula consequat. Morbi a ipsum. Integer a nibh. In quis justo.', 43);
insert into informacoes (id_info, msg_info, nid) values (44, 'Mauris ullamcorper purus sit amet nulla.', 44);
insert into informacoes (id_info, msg_info, nid) values (45, 'Donec ut dolor. Morbi vel lectus in quam fringilla rhoncus. Mauris enim leo, rhoncus sed, vestibulum sit amet, cursus id, turpis. Integer aliquet, massa id lobortis convallis, tortor risus dapibus augue, vel accumsan tellus nisi eu orci. Mauris lacinia sapien quis libero.', 45);
insert into informacoes (id_info, msg_info, nid) values (46, 'Sed sagittis. Nam congue, risus semper porta volutpat, quam pede lobortis ligula, sit amet eleifend pede libero quis orci. Nullam molestie nibh in lectus. Pellentesque at nulla. Suspendisse potenti. Cras in purus eu magna vulputate luctus. Cum sociis natoque penatibus et magnis dis parturient montes, nascetur ridiculus mus.', 46);
insert into informacoes (id_info, msg_info, nid) values (47, 'Vestibulum ante ipsum primis in faucibus orci luctus et ultrices posuere cubilia Curae; Mauris viverra diam vitae quam. Suspendisse potenti.', 47);
insert into informacoes (id_info, msg_info, nid) values (48, 'In sagittis dui vel nisl. Duis ac nibh. Fusce lacus purus, aliquet at, feugiat non, pretium quis, lectus. Suspendisse potenti. In eleifend quam a odio. In hac habitasse platea dictumst. Maecenas ut massa quis augue luctus tincidunt. Nulla mollis molestie lorem.', 48);
insert into informacoes (id_info, msg_info, nid) values (49, 'Pellentesque ultrices mattis odio. Donec vitae nisi. Nam ultrices, libero non mattis pulvinar, nulla pede ullamcorper augue, a suscipit nulla elit ac nulla. Sed vel enim sit amet nunc viverra dapibus.', 49);
insert into informacoes (id_info, msg_info, nid) values (50, 'Morbi porttitor lorem id ligula. Suspendisse ornare consequat lectus. In est risus, auctor sed, tristique in, tempus sit amet, sem. Fusce consequat. Nulla nisl.', 50);
insert into informacoes (id_info, msg_info, nid) values (51, 'Curabitur convallis. Duis consequat dui nec nisi volutpat eleifend. Donec ut dolor.', 51);
insert into informacoes (id_info, msg_info, nid) values (52, 'Curabitur in libero ut massa volutpat convallis. Morbi odio odio, elementum eu, interdum eu, tincidunt in, leo. Maecenas pulvinar lobortis est. Phasellus sit amet erat.', 52);
insert into informacoes (id_info, msg_info, nid) values (53, 'Curabitur gravida nisi at nibh. In hac habitasse platea dictumst. Aliquam augue quam, sollicitudin vitae, consectetuer eget, rutrum at, lorem.', 53);
insert into informacoes (id_info, msg_info, nid) values (54, 'Aliquam sit amet diam in magna bibendum imperdiet. Nullam orci pede, venenatis non, sodales sed, tincidunt eu, felis. Fusce posuere felis sed lacus. Morbi sem mauris, laoreet ut, rhoncus aliquet, pulvinar sed, nisl. Nunc rhoncus dui vel sem. Sed sagittis. Nam congue, risus semper porta volutpat, quam pede lobortis ligula, sit amet eleifend pede libero quis orci. Nullam molestie nibh in lectus.', 54);
insert into informacoes (id_info, msg_info, nid) values (55, 'Curabitur gravida nisi at nibh. In hac habitasse platea dictumst. Aliquam augue quam, sollicitudin vitae, consectetuer eget, rutrum at, lorem.', 55);
insert into informacoes (id_info, msg_info, nid) values (56, 'Aenean auctor gravida sem. Praesent id massa id nisl venenatis lacinia. Aenean sit amet justo. Morbi ut odio. Cras mi pede, malesuada in, imperdiet et, commodo vulputate, justo. In blandit ultrices enim. Lorem ipsum dolor sit amet, consectetuer adipiscing elit.', 56);
insert into informacoes (id_info, msg_info, nid) values (57, 'Vestibulum ante ipsum primis in faucibus orci luctus et ultrices posuere cubilia Curae; Duis faucibus accumsan odio. Curabitur convallis. Duis consequat dui nec nisi volutpat eleifend. Donec ut dolor. Morbi vel lectus in quam fringilla rhoncus. Mauris enim leo, rhoncus sed, vestibulum sit amet, cursus id, turpis. Integer aliquet, massa id lobortis convallis, tortor risus dapibus augue, vel accumsan tellus nisi eu orci. Mauris lacinia sapien quis libero. Nullam sit amet turpis elementum ligula vehicula consequat.', 57);
insert into informacoes (id_info, msg_info, nid) values (58, 'Sed ante. Vivamus tortor. Duis mattis egestas metus. Aenean fermentum. Donec ut mauris eget massa tempor convallis. Nulla neque libero, convallis eget, eleifend luctus, ultricies eu, nibh. Quisque id justo sit amet sapien dignissim vestibulum. Vestibulum ante ipsum primis in faucibus orci luctus et ultrices posuere cubilia Curae; Nulla dapibus dolor vel est. Donec odio justo, sollicitudin ut, suscipit a, feugiat et, eros. Vestibulum ac est lacinia nisi venenatis tristique.', 58);
insert into informacoes (id_info, msg_info, nid) values (59, 'Vestibulum quam sapien, varius ut, blandit non, interdum in, ante. Vestibulum ante ipsum primis in faucibus orci luctus et ultrices posuere cubilia Curae; Duis faucibus accumsan odio. Curabitur convallis. Duis consequat dui nec nisi volutpat eleifend. Donec ut dolor. Morbi vel lectus in quam fringilla rhoncus.', 59);
insert into informacoes (id_info, msg_info, nid) values (60, 'Proin at turpis a pede posuere nonummy. Integer non velit. Donec diam neque, vestibulum eget, vulputate ut, ultrices vel, augue. Vestibulum ante ipsum primis in faucibus orci luctus et ultrices posuere cubilia Curae; Donec pharetra, magna vestibulum aliquet ultrices, erat tortor sollicitudin mi, sit amet lobortis sapien sapien non mi. Integer ac neque. Duis bibendum. Morbi non quam nec dui luctus rutrum. Nulla tellus. In sagittis dui vel nisl.', 60);
insert into informacoes (id_info, msg_info, nid) values (61, 'Duis at velit eu est congue elementum. In hac habitasse platea dictumst. Morbi vestibulum, velit id pretium iaculis, diam erat fermentum justo, nec condimentum neque sapien placerat ante. Nulla justo. Aliquam quis turpis eget elit sodales scelerisque. Mauris sit amet eros. Suspendisse accumsan tortor quis turpis. Sed ante. Vivamus tortor.', 61);
insert into informacoes (id_info, msg_info, nid) values (62, 'Nullam porttitor lacus at turpis. Donec posuere metus vitae ipsum. Aliquam non mauris. Morbi non lectus. Aliquam sit amet diam in magna bibendum imperdiet. Nullam orci pede, venenatis non, sodales sed, tincidunt eu, felis. Fusce posuere felis sed lacus. Morbi sem mauris, laoreet ut, rhoncus aliquet, pulvinar sed, nisl.', 62);
insert into informacoes (id_info, msg_info, nid) values (63, 'Morbi vel lectus in quam fringilla rhoncus. Mauris enim leo, rhoncus sed, vestibulum sit amet, cursus id, turpis. Integer aliquet, massa id lobortis convallis, tortor risus dapibus augue, vel accumsan tellus nisi eu orci. Mauris lacinia sapien quis libero. Nullam sit amet turpis elementum ligula vehicula consequat. Morbi a ipsum. Integer a nibh.', 63);
insert into informacoes (id_info, msg_info, nid) values (64, 'Phasellus id sapien in sapien iaculis congue. Vivamus metus arcu, adipiscing molestie, hendrerit at, vulputate vitae, nisl.', 64);
insert into informacoes (id_info, msg_info, nid) values (65, 'Maecenas tristique, est et tempus semper, est quam pharetra magna, ac consequat metus sapien ut nunc. Vestibulum ante ipsum primis in faucibus orci luctus et ultrices posuere cubilia Curae; Mauris viverra diam vitae quam. Suspendisse potenti. Nullam porttitor lacus at turpis. Donec posuere metus vitae ipsum. Aliquam non mauris. Morbi non lectus.', 65);
insert into informacoes (id_info, msg_info, nid) values (66, 'Praesent lectus. Vestibulum quam sapien, varius ut, blandit non, interdum in, ante. Vestibulum ante ipsum primis in faucibus orci luctus et ultrices posuere cubilia Curae; Duis faucibus accumsan odio. Curabitur convallis. Duis consequat dui nec nisi volutpat eleifend. Donec ut dolor.', 66);
insert into informacoes (id_info, msg_info, nid) values (67, 'Fusce posuere felis sed lacus. Morbi sem mauris, laoreet ut, rhoncus aliquet, pulvinar sed, nisl. Nunc rhoncus dui vel sem. Sed sagittis.', 67);
insert into informacoes (id_info, msg_info, nid) values (68, 'Integer ac leo. Pellentesque ultrices mattis odio.', 68);
insert into informacoes (id_info, msg_info, nid) values (69, 'Nullam varius. Nulla facilisi. Cras non velit nec nisi vulputate nonummy. Maecenas tincidunt lacus at velit. Vivamus vel nulla eget eros elementum pellentesque. Quisque porta volutpat erat.', 69);
insert into informacoes (id_info, msg_info, nid) values (70, 'Vestibulum ante ipsum primis in faucibus orci luctus et ultrices posuere cubilia Curae; Donec pharetra, magna vestibulum aliquet ultrices, erat tortor sollicitudin mi, sit amet lobortis sapien sapien non mi. Integer ac neque. Duis bibendum. Morbi non quam nec dui luctus rutrum. Nulla tellus. In sagittis dui vel nisl. Duis ac nibh. Fusce lacus purus, aliquet at, feugiat non, pretium quis, lectus. Suspendisse potenti. In eleifend quam a odio.', 70);
insert into informacoes (id_info, msg_info, nid) values (71, 'Maecenas tincidunt lacus at velit. Vivamus vel nulla eget eros elementum pellentesque.', 71);
insert into informacoes (id_info, msg_info, nid) values (72, 'Nam dui. Proin leo odio, porttitor id, consequat in, consequat ut, nulla. Sed accumsan felis. Ut at dolor quis odio consequat varius. Integer ac leo. Pellentesque ultrices mattis odio. Donec vitae nisi. Nam ultrices, libero non mattis pulvinar, nulla pede ullamcorper augue, a suscipit nulla elit ac nulla.', 72);
insert into informacoes (id_info, msg_info, nid) values (73, 'Duis bibendum, felis sed interdum venenatis, turpis enim blandit mi, in porttitor pede justo eu massa. Donec dapibus. Duis at velit eu est congue elementum.', 73);
insert into informacoes (id_info, msg_info, nid) values (74, 'Integer ac leo. Pellentesque ultrices mattis odio. Donec vitae nisi. Nam ultrices, libero non mattis pulvinar, nulla pede ullamcorper augue, a suscipit nulla elit ac nulla. Sed vel enim sit amet nunc viverra dapibus. Nulla suscipit ligula in lacus. Curabitur at ipsum ac tellus semper interdum.', 74);
insert into informacoes (id_info, msg_info, nid) values (75, 'Nulla facilisi. Cras non velit nec nisi vulputate nonummy. Maecenas tincidunt lacus at velit. Vivamus vel nulla eget eros elementum pellentesque. Quisque porta volutpat erat. Quisque erat eros, viverra eget, congue eget, semper rutrum, nulla. Nunc purus. Phasellus in felis. Donec semper sapien a libero.', 75);
insert into informacoes (id_info, msg_info, nid) values (76, 'Donec quis orci eget orci vehicula condimentum. Curabitur in libero ut massa volutpat convallis. Morbi odio odio, elementum eu, interdum eu, tincidunt in, leo. Maecenas pulvinar lobortis est. Phasellus sit amet erat. Nulla tempus.', 76);
insert into informacoes (id_info, msg_info, nid) values (77, 'Nam nulla. Integer pede justo, lacinia eget, tincidunt eget, tempus vel, pede.', 77);
insert into informacoes (id_info, msg_info, nid) values (78, 'Suspendisse accumsan tortor quis turpis. Sed ante. Vivamus tortor. Duis mattis egestas metus. Aenean fermentum. Donec ut mauris eget massa tempor convallis. Nulla neque libero, convallis eget, eleifend luctus, ultricies eu, nibh. Quisque id justo sit amet sapien dignissim vestibulum. Vestibulum ante ipsum primis in faucibus orci luctus et ultrices posuere cubilia Curae; Nulla dapibus dolor vel est. Donec odio justo, sollicitudin ut, suscipit a, feugiat et, eros.', 78);
insert into informacoes (id_info, msg_info, nid) values (79, 'Nulla ac enim. In tempor, turpis nec euismod scelerisque, quam turpis adipiscing lorem, vitae mattis nibh ligula nec sem. Duis aliquam convallis nunc. Proin at turpis a pede posuere nonummy.', 79);
insert into informacoes (id_info, msg_info, nid) values (80, 'Nullam sit amet turpis elementum ligula vehicula consequat. Morbi a ipsum. Integer a nibh. In quis justo. Maecenas rhoncus aliquam lacus. Morbi quis tortor id nulla ultrices aliquet. Maecenas leo odio, condimentum id, luctus nec, molestie sed, justo. Pellentesque viverra pede ac diam. Cras pellentesque volutpat dui.', 80);
insert into informacoes (id_info, msg_info, nid) values (81, 'Nunc rhoncus dui vel sem. Sed sagittis. Nam congue, risus semper porta volutpat, quam pede lobortis ligula, sit amet eleifend pede libero quis orci. Nullam molestie nibh in lectus. Pellentesque at nulla. Suspendisse potenti. Cras in purus eu magna vulputate luctus. Cum sociis natoque penatibus et magnis dis parturient montes, nascetur ridiculus mus. Vivamus vestibulum sagittis sapien.', 81);
insert into informacoes (id_info, msg_info, nid) values (82, 'Phasellus id sapien in sapien iaculis congue. Vivamus metus arcu, adipiscing molestie, hendrerit at, vulputate vitae, nisl. Aenean lectus. Pellentesque eget nunc. Donec quis orci eget orci vehicula condimentum. Curabitur in libero ut massa volutpat convallis. Morbi odio odio, elementum eu, interdum eu, tincidunt in, leo. Maecenas pulvinar lobortis est.', 82);
insert into informacoes (id_info, msg_info, nid) values (83, 'Nullam molestie nibh in lectus. Pellentesque at nulla. Suspendisse potenti. Cras in purus eu magna vulputate luctus. Cum sociis natoque penatibus et magnis dis parturient montes, nascetur ridiculus mus. Vivamus vestibulum sagittis sapien. Cum sociis natoque penatibus et magnis dis parturient montes, nascetur ridiculus mus. Etiam vel augue. Vestibulum rutrum rutrum neque.', 83);
insert into informacoes (id_info, msg_info, nid) values (84, 'Morbi sem mauris, laoreet ut, rhoncus aliquet, pulvinar sed, nisl. Nunc rhoncus dui vel sem. Sed sagittis. Nam congue, risus semper porta volutpat, quam pede lobortis ligula, sit amet eleifend pede libero quis orci.', 84);
insert into informacoes (id_info, msg_info, nid) values (85, 'Sed accumsan felis. Ut at dolor quis odio consequat varius. Integer ac leo. Pellentesque ultrices mattis odio. Donec vitae nisi. Nam ultrices, libero non mattis pulvinar, nulla pede ullamcorper augue, a suscipit nulla elit ac nulla. Sed vel enim sit amet nunc viverra dapibus. Nulla suscipit ligula in lacus. Curabitur at ipsum ac tellus semper interdum. Mauris ullamcorper purus sit amet nulla.', 85);
insert into informacoes (id_info, msg_info, nid) values (86, 'Nulla neque libero, convallis eget, eleifend luctus, ultricies eu, nibh. Quisque id justo sit amet sapien dignissim vestibulum. Vestibulum ante ipsum primis in faucibus orci luctus et ultrices posuere cubilia Curae; Nulla dapibus dolor vel est. Donec odio justo, sollicitudin ut, suscipit a, feugiat et, eros. Vestibulum ac est lacinia nisi venenatis tristique. Fusce congue, diam id ornare imperdiet, sapien urna pretium nisl, ut volutpat sapien arcu sed augue.', 86);
insert into informacoes (id_info, msg_info, nid) values (87, 'Cras mi pede, malesuada in, imperdiet et, commodo vulputate, justo.', 87);
insert into informacoes (id_info, msg_info, nid) values (88, 'Nulla ac enim. In tempor, turpis nec euismod scelerisque, quam turpis adipiscing lorem, vitae mattis nibh ligula nec sem. Duis aliquam convallis nunc. Proin at turpis a pede posuere nonummy. Integer non velit. Donec diam neque, vestibulum eget, vulputate ut, ultrices vel, augue.', 88);
insert into informacoes (id_info, msg_info, nid) values (89, 'Integer tincidunt ante vel ipsum.', 89);
insert into informacoes (id_info, msg_info, nid) values (90, 'Integer aliquet, massa id lobortis convallis, tortor risus dapibus augue, vel accumsan tellus nisi eu orci. Mauris lacinia sapien quis libero. Nullam sit amet turpis elementum ligula vehicula consequat. Morbi a ipsum.', 90);
insert into informacoes (id_info, msg_info, nid) values (91, 'Maecenas leo odio, condimentum id, luctus nec, molestie sed, justo. Pellentesque viverra pede ac diam. Cras pellentesque volutpat dui. Maecenas tristique, est et tempus semper, est quam pharetra magna, ac consequat metus sapien ut nunc.', 91);
insert into informacoes (id_info, msg_info, nid) values (92, 'In tempor, turpis nec euismod scelerisque, quam turpis adipiscing lorem, vitae mattis nibh ligula nec sem. Duis aliquam convallis nunc. Proin at turpis a pede posuere nonummy. Integer non velit. Donec diam neque, vestibulum eget, vulputate ut, ultrices vel, augue.', 92);
insert into informacoes (id_info, msg_info, nid) values (93, 'Proin risus. Praesent lectus. Vestibulum quam sapien, varius ut, blandit non, interdum in, ante. Vestibulum ante ipsum primis in faucibus orci luctus et ultrices posuere cubilia Curae; Duis faucibus accumsan odio. Curabitur convallis. Duis consequat dui nec nisi volutpat eleifend. Donec ut dolor. Morbi vel lectus in quam fringilla rhoncus.', 93);
insert into informacoes (id_info, msg_info, nid) values (94, 'Praesent blandit. Nam nulla. Integer pede justo, lacinia eget, tincidunt eget, tempus vel, pede. Morbi porttitor lorem id ligula. Suspendisse ornare consequat lectus. In est risus, auctor sed, tristique in, tempus sit amet, sem. Fusce consequat. Nulla nisl. Nunc nisl.', 94);
insert into informacoes (id_info, msg_info, nid) values (95, 'In quis justo. Maecenas rhoncus aliquam lacus. Morbi quis tortor id nulla ultrices aliquet. Maecenas leo odio, condimentum id, luctus nec, molestie sed, justo. Pellentesque viverra pede ac diam. Cras pellentesque volutpat dui. Maecenas tristique, est et tempus semper, est quam pharetra magna, ac consequat metus sapien ut nunc. Vestibulum ante ipsum primis in faucibus orci luctus et ultrices posuere cubilia Curae; Mauris viverra diam vitae quam. Suspendisse potenti.', 95);
insert into informacoes (id_info, msg_info, nid) values (96, 'Fusce consequat. Nulla nisl. Nunc nisl. Duis bibendum, felis sed interdum venenatis, turpis enim blandit mi, in porttitor pede justo eu massa. Donec dapibus. Duis at velit eu est congue elementum. In hac habitasse platea dictumst. Morbi vestibulum, velit id pretium iaculis, diam erat fermentum justo, nec condimentum neque sapien placerat ante. Nulla justo. Aliquam quis turpis eget elit sodales scelerisque.', 96);
insert into informacoes (id_info, msg_info, nid) values (97, 'Nunc purus. Phasellus in felis. Donec semper sapien a libero. Nam dui.', 97);
insert into informacoes (id_info, msg_info, nid) values (98, 'Vestibulum sed magna at nunc commodo placerat.', 98);
insert into informacoes (id_info, msg_info, nid) values (99, 'Morbi ut odio. Cras mi pede, malesuada in, imperdiet et, commodo vulputate, justo. In blandit ultrices enim. Lorem ipsum dolor sit amet, consectetuer adipiscing elit. Proin interdum mauris non ligula pellentesque ultrices. Phasellus id sapien in sapien iaculis congue.', 99);
insert into informacoes (id_info, msg_info, nid) values (100, 'Cum sociis natoque penatibus et magnis dis parturient montes, nascetur ridiculus mus. Etiam vel augue. Vestibulum rutrum rutrum neque. Aenean auctor gravida sem. Praesent id massa id nisl venenatis lacinia. Aenean sit amet justo.', 100);

